Song,Cluster,Distance,PCA1,PCA2
$id Tha Kid - Came Up (feat. Dave East),0,1.2099196,0.9329594,-1.0431763
06 Tea (Chinese Dance) - The Nutcracker Suite,1,1.0635095,0.65060353,1.2962439
1 Hour Clean Pop Songs Playlist üéß Clean Pop Playlist 2025 üé∂ Clean Pop Music Mix üéµ Clean Pop Mix,0,0.48766455,0.39433622,-0.3412863
21 Savage - redrum (Official Music Video),0,1.1150881,0.5191705,-0.02756851
3 Doors Down - Here Without You (Official Music Video),2,0.6791472,-0.7451135,-0.33559424
"310babii, Tyga, Blueface, Mustard - Soak City (Lyrics) ÔΩú left do it right do it",0,1.2535409,0.8794417,-1.0310018
3LW - Playas Gon' Play,0,1.4364455,0.6385364,-1.1390568
5 Seconds Of Summer - Youngblood (Lyrics) 5SOS,0,0.8581233,0.4801076,-0.5436038
50 Cent - Hustler's Ambition,2,0.95334715,-0.10208304,-0.21257554
5SOS - Young Blood (Lyrics Video),0,0.8463639,0.55609167,-0.4279152
@BillieEilish - BIRDS OF A FEATHER (Lyrics),0,1.2021166,0.0794509,0.24133392
A Beautiful Mind 01Ôºö A Kaleidoscope of Mathematics (James Horner),1,1.8020378,1.7097226,1.3476857
A Tale Of 2 Citiez,0,1.6112016,1.4886279,-0.01733336
Aaron Copland - Fanfare for the Common Man,1,1.8226978,1.6618259,0.82992214
Aaron Smith - Dancin (KRONO Remix) - Lyrics,2,1.1697589,-0.35510862,0.13377756
Aaryan Shah - Interlinked [Music Video],0,1.5873314,1.3618373,0.18513514
AC‚ß∏DC - Back In Black (Official 4K Video),2,1.033464,-0.43540558,-0.44007543
AC‚ß∏DC - Thunderstruck (Official Video),2,0.92347294,-1.1722116,-0.50200677
Addison Rae - Aquamarine (Official Video),0,1.2724022,-0.006503257,-0.7318419
Addison Rae - Diet Pepsi (Official Video),0,0.8985257,0.20004113,-0.46848398
Adele - Easy On Me (Lyrics) ÔºÇGo Easy On Me BabyÔºÇ,0,1.162768,0.4113483,-0.5994261
Adiemus,2,1.1416485,-0.32079732,0.55423766
Adventure of a lifetime (lyrics),2,0.927272,-0.5066067,-0.01888979
Afterlife-Avenged Sevenfold [Lyrics],2,1.1043931,-1.5054909,-0.033098396
Agalloch - In the Shadow of Our Pale Companion,2,1.1465894,-1.2054642,-0.10666423
Aimer„ÄåÊÆãÈüøÊï£Ê≠å„ÄçMUSIC VIDEOÔºà„ÉÜ„É¨„Éì„Ç¢„Éã„É°„ÄåÈ¨ºÊªÖ„ÅÆÂàÉ„ÄçÈÅäÈÉ≠Á∑®„Ç™„Éº„Éó„Éã„É≥„Ç∞„ÉÜ„Éº„ÉûÔºâ,2,1.5338532,-1.8717351,0.09677155
Akagi Opening Theme I - Nantoka Nare,0,1.4259043,0.16816188,0.39649773
Alec Benjamin - King Size Bed ÔΩú Lyrics,0,0.7902346,0.13041517,-0.55201167
Alec Benjamin - Let Me Down Slowly ÔΩú Lyrics,0,1.0466853,0.076401554,-0.26074767
Alessia Cara - Here (Lucian Remix),0,1.0596486,0.27948898,-0.40512493
Alice In Chains - WouldÔºü (Official HD Video),2,0.915162,-1.1331267,0.33410808
Alicia Keys - No One (Lyrics),2,1.0148331,-0.19992901,0.13633525
All I Do Is Win Remix (Official Music Video),2,0.834141,-0.54321814,-0.46109444
Allure,2,0.8698034,-0.24407144,-0.07496631
Alphaville - Forever Young ( Video Lyrics ),1,1.0843729,-0.006889115,0.84293836
Alt-J - Breezeblocks (Lyrics),2,0.98709,-0.01884197,0.172813
Amilcare Ponchielli - Dance of the Hours,1,1.188825,1.0556833,1.4626364
"ANDONIS  HARALAMBOPOULOS  Œ†œÖœÅ, Œ≥œÖŒΩŒ∑ Œ∫Œ±Œπ Œ∏Œ¨ŒªŒ±œÉœÉŒ±",1,1.3755691,-0.3652964,1.0019999
ANDREA BOCELLI (HQ) AVE MARIA (SCHUBERT),1,1.8880771,0.8431247,0.7671901
Angel Dust - Bleed,2,1.2728262,-1.0433525,-0.53098047
Anne-Marie - 2002 ÔΩú Lyrics,0,0.94124895,0.47050464,-0.89434433
Annihilator - Alison Hell [OFFICIAL VIDEO],2,1.4638803,0.11130434,0.200586
Anri-Shyness Boy,2,0.8437114,-0.27059346,-0.14105454
Ant Saunders - Yellow Hearts (Lyrics),0,1.5472031,1.9741492,-0.25377664
ANTIM GRAHAN ( infected ) with lyrics,2,1.7572179,-0.1886203,0.49145305
Antonin Dvorak - Symphony No.9- Allegro con fuoco 1‚ß∏2,1,1.4035105,0.8936315,0.6293565
Anyma - Hypnotized (feat. Ellie Goulding) [Official Video],2,0.6327588,-0.442065,-0.2731757
Aram Khachaturian - Sabre Dance,1,1.1668425,0.49530014,0.62067676
Arctic Monkeys - Do I Wanna KnowÔºü (Official Video),2,0.8763619,-0.26235762,0.16930494
Arctic Monkeys - I Wanna Be Yours [sped up+lyrics],2,1.1424373,-0.32896623,0.24848422
Ariana Grande - positions (Lyrics),0,1.1967659,0.2668237,-0.89112824
Ariana Grande - we can't be friends (Lyrics),0,0.90523547,0.6468803,-0.63112026
Ariana Grande - we can't be friends (wait for your love) (official music video),0,0.85278815,0.8535868,-0.4763367
"Ariana Grande - yes, andÔºü (official music video)",0,1.1570543,0.31385908,-0.87228364
Artemas - i like the way you kiss me (lyric video),2,1.1062472,-0.968227,-0.18278983
Artemas - i like the way you kiss me (Lyrics),2,1.0033636,-0.87116116,-0.20993163
Artemas - if u think i'm pretty (lyrics) ÔºÇif you think i'm pretty lay your hands on meÔºÇ,0,0.65229374,0.8246586,-0.23309839
"Asake, Travis Scott - Active (Official Video)",0,0.7982866,0.5408183,-0.48431116
Ashes - Stellar (Official Lyric Video),0,0.91478974,0.36031848,-0.41814065
Ashley Cooke - your place (Official Lyric Video),2,0.74380535,-0.54790264,-0.27193123
Audioslave - Like a Stone (Official Video),2,0.9479218,-0.1565097,-0.42477763
Autumn - Vivaldi,1,1.0842838,0.7397864,1.4396484
Ava Della Pietra - ÔºÇrearview mirrorÔºÇ (Official Music Video),0,1.0080197,0.3375914,-0.39138716
Avenged Sevenfold - Bat Country [Official Music Video],2,1.0370901,-1.5318469,-0.035426315
Avenged Sevenfold - Beast and the Harlot (With lyrics),2,1.8912661,-2.425413,-0.058872756
Avenged Sevenfold - Nightmare [Official Music Video],2,1.1284721,-0.028709147,-0.58055574
Avery Anna - Make It Look Easy (Visualizer),2,1.2630284,-0.3362277,-0.6258803
Ayo Jay - Your Number (Lyrics),0,1.3063484,0.7423318,0.006093351
B.o.B - Nothin‚Äô On You ft. Bruno Mars (Lyrics),2,0.87051606,-0.14171548,-0.06152994
BabyTron - 2025 (Official Video),0,1.4138286,0.18046518,-0.58616674
BabyTron - Yew! (Official Video),0,1.3055223,0.13682322,-0.6669386
Bach - Cello Suite No.1 i-Prelude,1,1.2618326,0.15361676,2.0773022
"BachÔºö Toccata and Fugue in D minor, BWV 565",1,1.1570672,0.104852855,0.91463995
Back for More,0,0.72176325,0.17974555,-0.15413031
back number - Ê∞¥Âπ≥Á∑ö,2,1.1842235,-0.07305414,-0.084288955
back number - È´òÂ∂∫„ÅÆËä±Â≠ê„Åï„Çì (full),2,0.52042216,-0.6116633,-0.26039264
Bad Bunny - DtMF (Letra),0,1.2375962,1.2387977,-0.5236219
Bailey Zimmerman - Fall In Love (Lyrics),2,0.89898133,-0.6490512,0.05074485
Bailey Zimmerman - Religiously (Official Music Video),0,0.6318901,0.7259467,-0.2338728
Bailey Zimmerman - Rock and A Hard Place (Lyric Video),0,1.0035809,0.018182144,-0.23634568
Bailey Zimmerman - Where It Ends (Lyric Video),2,0.702947,-0.5924635,-0.103004694
Bark at the Moon,2,1.0520563,-1.5652102,0.1298321
BBC Documentary on Rebetika Part 1,1,1.3515359,-0.38117296,1.0801986
BBC Documentary on Rebetika Part 10,1,1.425591,-0.64589506,1.2122806
BBC Documentary on Rebetika Part 2,1,1.5677387,-0.111770295,0.9312439
BBC Documentary on Rebetika Part 3,1,1.4030522,-0.2567258,1.0486112
BBC Documentary on Rebetika Part 4,1,1.5487556,-0.2965159,0.9201741
BBC Documentary on Rebetika Part 5,1,1.4352953,-0.11520656,0.8975039
BBC Documentary on Rebetika Part 6,1,1.5914629,-0.72511756,1.2359586
BBC Documentary on Rebetika Part 7,1,1.5785279,-0.6012863,1.1239142
BBC Documentary on Rebetika Part 8,1,1.3317981,-0.18186805,1.0515813
BBC Documentary on Rebetika Part 9,1,1.5071601,-0.66199064,1.1727725
"Beach Weather - Sex, Drugs, Etc. (Official Video)",2,0.71731544,-0.17966758,-0.032101862
Becky G - Shower (Lyrics),0,1.6046008,0.5642579,-0.5791361
Beethoven - Symphony No. 9 op. 125 - Second Movement (Part 1 of 2) Period Instruments,1,0.99147826,0.59545237,1.5949423
Beethoven's 5th Symphony,1,0.9824984,0.79244024,1.3529806
"Beethoven-Turkish March, Op. 113",1,1.3496051,0.24142419,0.91124386
BEETHOVEN.ODE TO JOY,1,1.1806536,0.5461279,0.9817389
Benson Boone - Beautiful Things (Official Music Video),0,1.2062771,0.9419475,-0.5116939
Benson Boone - Slow It Down (Official Music Video),0,0.8044335,0.7521218,-0.6771622
Beyonc√© - TEXAS HOLD 'EM (Lyrics),0,1.151823,0.40814087,-0.35887495
Beyonc√© - TEXAS HOLD 'EM (Official Lyric Video),0,1.2371644,0.36807734,-0.56107104
Beyonc√© - TEXAS HOLD 'EM (Official Visualizer),0,1.3898797,0.42344165,-0.7431288
"Beyonc√©, GloRilla - Diva X TGIF (TikTok Mashup) [Lyrics]",0,1.5660236,0.561045,0.20703681
Bill Withers - Ain't No Sunshine,1,1.6340208,1.2176349,0.7810414
Billie Eilish - BIRDS OF A FEATHER (Official Music Video),0,1.1959848,0.82157075,0.14652799
Billie Eilish - CHIHIRO (Official Music Video),0,1.5339769,1.3296976,0.5250859
Billie Eilish - LUNCH (Official Music Video),0,1.5007281,1.4906796,0.18616238
Billie Eilish - Therefore I Am (Lyrics),0,1.085131,1.148274,0.0025572418
Billie Eilish - What Was I Made ForÔºü (Official Music Video),0,1.5061493,1.5812178,0.11146607
BLACK SABBATH - ÔºÇChildren of the GraveÔºÇ from The End (Live Video),2,1.3887205,-1.1603378,0.44530055
BLACK SABBATH - ÔºÇN.I.B.ÔºÇ from The End (Live Video),2,1.3695654,-1.1659688,0.36410597
BLACK SABBATH - ÔºÇParanoidÔºÇ Birmingham 2012 (Live Video),2,1.6422669,-1.9232348,0.2160856
Black Sabbath ÔºÇThe WizardÔºÇ,2,1.1410747,-0.39336604,-0.3610542
Black sabbath-War Pigs (lyrics),2,1.2638705,-0.5210797,0.05679122
blink-182 - I Miss You (Official Video),2,0.90310645,-0.71703255,-0.13125272
Blur - Song 2 (Official Music Video),2,1.2133232,-0.37491116,-0.44503728
BOLERO-RAVEL,1,1.2358987,0.5639206,0.52895004
Breaking Benjamin - Blow Me Away ft. Valora,2,1.2442515,-0.061163425,-0.40312895
Breaking the Habit (Official Music Video) [HD UPGRADE] ‚Äì Linkin Park,2,1.1042888,-0.34279707,-0.44896042
Breathe - Years & Years (LYRICS),0,0.7935067,0.7254489,-0.4784528
Brown Eyes - Destiny's Child (Lyrics),0,1.2815785,0.10587874,-0.67955
Bruno Mars - Just The Way You Are ÔΩú Lyrics,2,0.951218,-0.03045728,-0.07472277
Bruno Mars - Marry You ÔΩú Lyrics,2,0.7193584,-0.4974267,0.054855753
Bruno Mars - When I Was Your Man ÔΩú Lyrics,1,1.0566221,0.45644218,0.6361403
Bryan Martin - We Ride (Official Lyric Video),2,0.98544073,-0.4448018,-0.44234708
Bryansanon - MOVE YO BODY (sped up) Lyrics,0,1.0195118,1.0170677,-0.38498485
BTS (Èò≤ÂºæÂ∞ëÂπ¥Âõ£) 'Airplane pt.2 -Japanese ver.-' Official MV,0,1.0696489,0.1281082,-0.85801685
Bullet For My Valentine - Tears Don't Fall (Official Video),2,0.9390499,-1.1734265,-0.53140765
BURN IT DOWN (Official Music Video) [4K Upgrade] - Linkin Park,2,1.0790985,-0.6957241,-0.4789592
B√òRNS - Electric Love (Lyrics) ÔΩú baby you're like lightning in a bottle,0,1.2349265,0.49269772,0.17071095
CAFE AMAN ƒ∞STANBUL - G√úLBAHAR,2,0.84963816,-0.2535142,0.042556413
Cage The Elephant - Ain't No Rest For The Wicked (Official Video),2,1.177552,-0.14660196,-0.04760107
Calvin Harris - Outside ft. Ellie Goulding (Lyrics),2,1.008662,-0.5896891,-0.54156137
Camila Cabello - Havana (Lyrics) ft. Young Thug,0,1.3296269,-0.09844109,-0.4867445
Camille Saint-Sa√´ns - Danse Macabre,1,1.1012028,1.0727898,1.1800996
CamServin - Losing Control (Official Music Video) [ üé•Ôºö @ReviveKeta ],0,1.388027,0.18557921,-0.63173246
CANDLEBOX - Far Behind (Official Video),0,1.2634172,0.6284504,-0.3382766
Can‚Äôt Be Touched,2,1.416058,-0.81443036,0.27033663
CARA - BLVD (Official Music Video),0,1.621044,0.5326749,-0.7921872
Carmina Burana ~ O Fortuna ÔΩú Carl Orff ~ Andr√© Rieu,1,1.645615,0.440838,0.5419862
Carnival of the AnimalsÔºö Aquarium,1,1.1811595,0.104482874,1.3193958
Cash Cash - Too Late (feat. Wiz Khalifa & Lukas Graham) [Official Music Video],0,1.5348207,-0.049557094,-0.8305805
Casiopea - Mint Jams (1982) FULL ALBUM,0,0.7699353,-0.003973948,-0.3062098
"cass√∂, RAYE, D-Block Europe - Prada (Lyrics)",2,0.98539346,-0.25534236,-0.5570911
Cemetery Gates - Pantera (HQ Audio),2,0.970586,-0.41926393,-0.4023606
CENTRAL CEE FT. LIL BABY - BAND4BAND (MUSIC VIDEO),0,1.0433446,0.3466348,-0.51544696
Central Cee x Dave - Sprinter [Music Video],0,0.7278353,0.75701046,-0.6063132
CENTRAL CEE X RAYE - MOI (MUSIC VIDEO),0,0.84800017,0.51020926,-0.7097229
Chamillionaire - Ridin' (Official Music Video) ft. Krayzie Bone,2,0.9364441,-0.60899645,-0.38398713
"Chappell Roan - Good Luck, Babe!",2,0.67441744,-0.69482,0.15384685
Chappell Roan - Hot To Go! (Lyrics),2,0.80134654,-0.93339914,0.044084083
Chappell Roan - HOT TO GO! (Official Music Video),0,1.0651796,0.3012309,-0.53505695
Charli xcx - Apple (official lyric video),0,0.8167896,0.38073817,-0.2612878
Charli XCX - Boom Clap ÔΩú Lyrics,2,0.8497984,-0.28288475,-0.4700236
Charli xcx - Guess featuring billie eilish (official video),0,0.75153923,0.2674996,-0.6805274
Charli XCX - Von Dutch Remix (with Addison Rae and A.G. Cook) ÔΩú Lyrics,0,0.8930557,0.49877208,-0.85239273
Children of Bodom--Kissing the Shadows,2,1.4167255,-0.69113225,-0.7274832
Chinozo '„Ç∞„ÉÉ„Éê„Ç§ÂÆ£Ë®Ä' feat.FloweR,2,0.86575633,-0.12239864,-0.3482721
Chris Brown - Residuals (Official Video),0,0.9224222,0.25642714,-0.03212527
"Chris Brown - Sensational (Official Video) ft. Davido, Lojay",0,0.7189826,0.453956,-0.6399519
Chris Grey - LET THE WORLD BURN (Lyrics),2,1.0239894,-0.8186062,0.36344093
Chris Stapleton - Think I'm In Love With You (Official Audio),0,0.9822408,0.60841185,0.067913145
Chris Stapleton - You Should Probably Leave Lyrics,0,0.99895793,0.8433237,0.13037756
Chris Young & Kane Brown - Famous Friends (Lyrics),2,0.82313067,-0.7400461,-0.20833632
Chris Young - Looking for You (Lyrics),2,0.6818139,-0.4517194,-0.031201195
Christina Perri - A Thousand Years ÔΩú Lyrics,2,0.90115243,-0.38176495,0.1693462
Ciao Italia! Torino 1987,2,2.0789587,-1.6850965,0.46670675
Clair de lune - Debussy,1,2.164103,1.3065798,2.2270048
Claire Rosinkranz - Backyard Boy (Lyrics) ÔºÇDance with me in my backyard boyÔºÇ,0,0.87231594,0.74309915,0.02574873
"Clean Bandit, Anne-Marie, David Guetta ‚Äì Cry Baby (Official Video)",0,0.82353705,0.1811376,-0.22234787
Cody Johnson - 'Til You Can't (Lyric Video),2,0.7363658,-0.352056,-0.28856155
Coi Leray - Keep It (Official Lyric Video),0,0.9585065,0.5053235,-0.20889646
Coldplay - A Sky Full Of Stars ÔΩú Lyrics,2,0.87142897,-0.25424263,-0.11972286
Coldplay - ALL MY LOVE (Official Lyric Video),1,1.1367384,0.5394882,0.60258234
Coldplay - feelslikeimfallinginlove (Official Video),0,1.1413585,0.4708879,0.35842067
Coldplay - In My Place (Official 4K Video),2,0.7087233,-0.9281227,-0.03857736
Coldplay - Viva La Vida ÔΩú Lyrics,2,0.86771214,-0.51146233,0.33469754
Conan Gray - Maniac (Lyrics),2,0.6554187,-0.41234,-0.32664016
Corey Taylor - Sound City - From Can to Can't (Lyrics),0,1.4994252,0.114627466,-0.19700289
COSMOS - „Éü„ÉÉ„Éà„Çô„Éä„Ç§„Éà„Éª„Ç∑„É£„Éï„É´ (Midnight Shuffle) [MEG-CD reissue],0,0.9779481,0.5202875,0.0031153904
Counting Crows - Mr. Jones (Official Music Video),2,1.1565847,-0.9592473,-0.18975034
CPK Shawn - Pop like this Pt. 2 (Slowed),0,1.4842138,1.117498,0.32562873
Creed - My Sacrifice,2,1.0828094,-0.66693074,0.29700965
Creeping Death-Metallica,2,1.4592187,-1.7902802,0.17005211
C√©line Dion - I Love You (Lyrics),2,0.7343609,-0.34295118,0.38163078
DA PUMP ‚ß∏ U.S.A. (short ver.),2,3.887527,-1.768728,-0.83582777
Dam Busters Theme [Highest Quality],1,1.1493118,-0.20759493,1.1585592
Damiano David - Born With a Broken Heart (Official Video),2,0.72233325,-0.63309056,-0.26414552
Dan + Shay - Glad You Exist (Lyrics),0,0.82311136,0.6039088,-0.102765106
Dan + Shay - Steal My Love (Lyrics),0,1.1780473,0.016424365,0.015660586
"Dan + Shay, Justin Bieber - 10,000 Hours [Vietsub+Lyrics]",0,0.8078668,0.045988664,-0.17613219
Darin - Fade Away (Music Video),0,1.9439824,1.5078588,0.35659164
Darin - I Lost You (Lyric Video),0,1.0269369,0.42763904,0.16173173
Darin - I'm Gone (Music Video),0,1.60719,0.9119134,-0.48669395
Dasha - Austin (Lyrics),0,0.99761677,0.054238282,0.15045947
Dasha - Austin (Official Music Video),2,0.9865474,-0.12027086,0.061880093
Dasha - Bye Bye Bye (Official Music Video),0,0.7413165,0.4436555,-0.41613945
David Guetta & Bebe Rexha - I'm Good (Blue) [Official Music Video],2,0.97133607,-0.73194414,-0.63300663
David Guetta & OneRepublic - I Don't Wanna Wait (Official Video),2,1.10684,-0.05508165,-0.5906186
David Guetta & Usher - Without You ÔΩú Lyrics,2,1.043681,-0.2564033,-0.31027147
David Kushner - Daylight (Lyrics) ÔºÇoh i love it and i hate it at the same timeÔºÇ,1,1.1630251,0.6257867,0.6286754
DDG - The Method (Official Music Video),0,1.0417172,0.8478978,-0.13120082
Death-Pull the Plug (HD),2,1.5196072,-1.5749253,-0.15932348
DeathÔºö Lack Of Comprehension,2,1.5982766,-0.07957599,-0.62170404
Desire,2,0.98715204,-0.3259233,-0.34616613
Destiny's Child - Survivor (Official Video),2,1.5253016,-1.0943563,-0.78776306
Dio - Holy Diver,0,1.8974394,0.9167809,-0.599209
Dio - Rainbow In The Dark [HD],2,1.5672973,-1.301043,0.4358611
Dir En Grey-The Final,2,1.0812964,-0.34065327,-0.61283827
Disturbed - Down With The Sickness (Official Music Video) [HD UPGRADE],2,0.76435816,-0.8336575,-0.33601323
Disturbed - The Night (With Lyrics),2,1.1401838,-1.5129176,-0.12591504
Disturbed-Ten Thousand Fist,2,1.4007494,-0.364232,-0.32709876
Djo - End Of Beginning (Lyrics),0,0.8554238,0.09631338,-0.08483164
Djo - End of Beginning (Official Lyric Video),0,0.824056,0.21285966,-0.14151722
DNCE - Cake By The Ocean (Lyrics ‚ß∏ Lyric Video),0,1.3073603,0.06908048,-0.8689127
Doechii - DENIAL IS A RIVER (Lyrics),0,1.1460555,1.15493,-0.5278802
Doechii - DENIAL IS A RIVER (Official Video),0,0.7785785,0.6827448,-0.5460491
Doja Cat - Agora Hills (Lyrics),0,0.81153965,0.8943746,-0.52373224
Doja Cat - Agora Hills (Official Video),0,0.99541163,0.63241595,-0.48935267
Doja Cat - Paint The Town Red (Lyrics),0,1.1209675,0.83124685,-0.5279472
Doja Cat - Paint The Town Red (Official Video),0,1.1873072,1.5115694,-0.57840014
Dominic Fike - 3 Nights (Lyrics),0,0.83996814,0.5810995,-0.35283616
Dominic Fike ‚Äì 3 Nights (Lyrics),0,0.88067186,0.9817076,-0.34529263
Don Louis - XO (Official Video),0,1.2212676,0.5879182,-0.9588098
DON TOLIVER - NEW DROP (Lyrics),0,1.2080747,0.57371306,0.26020122
DragonForce - Through the Fire and Flames (Official Video),2,2.8092234,-2.080507,1.0110587
Drake - Started From the Bottom,0,1.3220139,1.5027609,-0.54910403
"Drake, Kanye West, Lil Wayne, Eminem - Forever (Explicit Version) (Official Music Video)",2,0.85657424,-0.8147641,-0.3367955
Drew Baldridge - She's Somebody's Daughter (Lyrics) [The Wedding Version],0,1.1332479,1.0688076,0.0107607
Dua Lipa - Dance The Night (From Barbie The Album) [Official Music Video],2,0.87457997,-0.16461961,-0.6191633
Dua Lipa - Dance The Night (From Barbie The Album) ÔΩú Lyrics,2,0.7033577,-0.72324395,-0.43050995
Dua Lipa - Don't Start Now (Lyrics),0,0.8137386,0.81719184,-0.6629446
Dua Lipa - Don't Start Now ÔΩú Lyrics,0,0.7876137,0.27818567,-0.5481484
Dua Lipa - Houdini (Official Music Video),2,0.6216207,-0.30094513,-0.36281824
Dua Lipa - Illusion (Official Music Video),2,0.73592025,-0.56234586,0.011310346
Dua Lipa - Training Season (Official Music Video),2,0.74574125,-0.37934077,-0.3732882
Dustin Lynch ‚Äì Party Mode (Official Lyric Video),2,0.88857675,-1.05346,-0.31873393
Dylan Scott - What He'll Never Have (Official Lyric Video),2,0.8106753,-0.5679971,-0.25501433
Ed Sheeran - A Beautiful Game ÔΩú Lyrics,0,0.95763713,0.35356492,0.0439543
Ed Sheeran - Curtains ÔΩú Lyrics,2,0.5947741,-0.37630063,-0.24640264
Ed Sheeran - Eyes Closed ÔΩú Lyrics,0,0.8276985,1.0745673,-0.22033736
Ed Sheeran - Life Goes On (feat. Luke Combs) ÔΩú Lyrics,0,0.9541261,0.31176582,0.01754212
Ed Sheeran - Perfect ÔΩú Lyrics,0,0.92953074,0.02384085,-0.10584783
Ed Sheeran - Shape of You (Official Music Video),0,0.95447314,0.9551831,-0.34319732
Eddie Benjamin - MANIAC (Official Music Video),2,0.9541428,-0.296065,0.27074292
Edvard GriegÔºö ÔºÇPeer Gynt - Morning MoodÔºÇ,1,2.9362016,2.4199383,1.626113
Edwyn Collins - A Girl Like You (Official Video),2,1.0802662,-1.4291165,-0.026671633
Egyptian March,1,1.4914063,1.1045465,0.7462514
electric love - borns lyrics,2,1.0305653,-0.18050091,0.14693902
"Elefther√≠a Arvanitaki. Rambi, rambi",1,2.0262434,-0.86297303,2.2093887
Ella Langley - weren't for the wind (Official Visualizer),2,0.8316434,-0.44873485,-0.28601468
Ella Langley - you look like you love me (Lyrics) ft. Riley Green,0,1.0196555,-0.054546855,-0.2551946
EMIN ft. JONY - –ö–∞–º–∏–Ω ŸÖÿ™ÿ±ÿ¨ŸÖÿ©,1,1.4455166,-0.1224672,0.7299781
Eminem - Houdini [Official Music Video],0,0.95224535,-0.010099058,-0.12874673
Eminem - Lose Yourself [HD],0,1.5460057,0.7861417,-0.12801921
Eminem - Lose Yourself,0,1.5121354,0.9373038,-0.15908457
Eminem - Mockingbird (Lyrics),0,1.009969,0.06887338,-0.2116899
Eminem - Not Afraid,0,0.9944611,-0.0090019,-0.33492517
Eminem - Roza Eskenazi,1,1.2046885,-0.6514502,1.3396915
Enemy (from the series Arcane League of Legends),0,1.0495069,0.38417506,-0.8124817
"Enrique Iglesias - Bailando ft. Descemer Bueno, Gente De Zona",0,0.8864964,0.731174,-0.69665706
Eric Ben√©t & Chant√© Moore - ÔºÇSo DistractedÔºÇ (Official Music Video),2,0.7046747,-0.26178607,-0.22696291
Erik Satie - Gymnop√©die No.1,1,2.4887092,0.49646866,2.5770535
ERNEST - Flower Shops (Lyrics) ft. Morgan Wallen,2,1.0052521,-0.16516279,0.04107054
Evanescence - Bring Me To Life (Official HD Music Video),2,0.7593406,-0.81517303,-0.23948546
FIFTY FIFTY - Cupid (sped up) Twin Version (Lyrics) ÔºÇI'm feeling lonelyÔºÇ,0,1.0416282,-0.014810765,-0.34895158
Finger Eleven - Paralyzer (Official HD Music Video),2,0.7140469,-0.44631845,-0.3832734
Five Finger Death Punch - Under And Over It,2,0.9767565,-1.1541667,0.018193781
Fleetwood Mac - Dreams ÔΩú Lyrics,0,0.90772545,0.45333803,-0.06373283
Flight of the Bumblebee,1,0.6659482,0.33641285,1.2747823
Flo Rida - Good Feeling [Official Video],0,0.8045266,0.24381289,-0.53767157
Floods (2016 Remaster),2,0.9309408,-0.89332646,-0.46225333
Foo Fighters - Everlong (Official HD Video),2,1.1142839,-0.8723662,-0.149704
Franz Ferdinand - Take Me Out (Official Video),2,1.0477892,-1.193302,-0.43297127
Franz von Supp√© - Light Cavalry - Overture,1,1.3949373,0.9801057,0.7726129
Frizk - ALL MY FELLAS (Lyrics),0,0.9096996,0.7307746,-0.15259802
Fr√©d√©ric Chopin - Marche Fun√®bre - Funeral March,1,2.1291776,1.4031508,2.1232972
Fujii Kaze -  MatsuriÔºàOfficial VideoÔºâ,0,1.1330342,0.6316829,-0.24034217
Fujii Kaze - Kirari (Official Video),2,1.3320907,-0.013191982,-0.71958625
Fujii Kaze - Shinunoga E-Wa (Not a MV),0,0.9312292,0.25021544,-0.39205238
Fun. ft Janelle Monae - We Are Young Official Lyrics,2,1.1472605,-0.054953557,0.11535792
Funeralopolis,2,1.6188258,-1.6008278,0.41068894
"Future, Metro Boomin, Kendrick Lamar - Like That (Official Audio)",0,1.1649159,0.59353054,-0.7303443
G-Eazy - Lady Killers II (Christoph Andersson Remix) [Lyrics],0,1.1971375,0.40670916,0.048461653
George Frideric Handel - The Arrival of the Queen of Sheba,1,1.4897861,0.9664847,1.1361035
Georges Bizet - ÔºÇLes ToreadorsÔºÇ from Carmen Suite No. 1,0,1.5125281,0.7567034,0.3401913
Ghetto Supastar (That is What You Are),0,1.3292387,0.25708112,-0.5703452
Ghost - Mary On A Cross (Official Lyric Video),2,0.97340703,-1.324639,0.12967907
Gigi Perez - Sailor Song (Lyrics),2,1.019544,-0.74164057,0.5994145
Gioachino Rossini - The Barber Of Seville - Overture,1,1.1796812,1.1258755,1.2848259
GIVƒíON - TWENTIES (Official Music Video),0,0.81129974,0.25184825,0.023722988
GloRilla - I LUV HER (feat. T-Pain) (Official Music Video),0,1.1873369,0.84131783,-1.1237603
Goo Goo Dolls ‚Äì Iris [Official Music Video] [4K Remaster],2,1.0747119,-0.15221198,-0.3713061
"Gracie Abrams - I Love You, I‚Äôm Sorry (Official Music Video)",0,0.9497211,1.0857717,0.02615829
Gracie Abrams - That‚Äôs So True (Lyrics),2,0.616196,-0.6527184,0.020876147
Gracie Abrams - That‚Äôs So True (Official Lyric Video),2,0.59070325,-0.71764696,-0.15764458
Gran Finale - Less Is More,0,1.1768293,0.20458403,-0.5593462
Graveworm - Touch Of Hate,2,1.7176714,-1.9342307,-0.26066235
Greatness,0,1.1254255,0.030982645,-0.53088146
GReeeeN - „Ç≠„Çª„Ç≠,0,1.1895566,0.8716264,-0.20895252
Green Day - 21 Guns [Official Music Video],2,1.0830442,0.04060274,-0.18259035
Green Day - Boulevard Of Broken Dreams [Official Music Video] [4K Upgrade],2,0.84416986,-0.73439443,0.25537992
Guapo Phil - Black Truck ÔºÇOfficial Music VideoÔºÇ Shot ByÔºö @ Daniel Aziz,0,1.4634793,1.0969278,-0.93997884
Guns N' Roses - Sweet Child O' Mine (Official Music Video),2,0.9003497,-0.41790769,-0.13545635
Guns N' Roses - Welcome To The Jungle,2,0.6442485,-0.88689494,-0.16035193
Hako Yamasaki  -  Yokohama,1,1.0786635,0.40126488,0.7040643
Hako Yamasaki - Help Me (Tsunawatari),0,1.8022504,1.6520536,0.49710372
Hako Yamasaki - Wandering,0,1.3109636,0.5145642,0.35372826
Hanumankind ‚Äì Big Dawgs (Lyrics) ft. Kalmi,2,0.6425916,-0.47514713,-0.40010092
Hanumankind ‚Äì Big Dawgs ÔΩú Ft. Kalmi (Official Music Video) ÔΩú Def Jam India,2,0.8714594,-0.3671605,-0.5693207
HARDY - TRUCK BED (Lyric Video),0,0.841353,0.1774073,-0.4677612
Harry Styles - Adore You (Lyrics),2,0.910029,-0.25352642,-0.48699105
Harry Styles - Adore You (Official Video),2,0.64792544,-0.5709551,-0.24784377
Harry Styles - As It Was (Lyrics),2,0.9237737,-0.28129536,-0.070626326
harry styles - golden ‚ß∏‚ß∏ lyrics,2,0.9193639,-0.66158473,-0.21855333
Harry Styles - Sweet Creature (Lyrics),0,1.0921495,0.1327423,0.2694309
Harry Styles- To Be So Lonely Lyrics,0,0.9649252,0.98439986,-0.0077206967
Haruomi Hosono - Sports Men,0,1.0883706,0.26205787,-0.09670269
Hasapiko,2,1.8764871,-1.069554,0.9622324
Heembeezy - Phantom [Official Live Performance],0,1.2963187,0.2691515,-0.5624975
Henry Moodie - drunk text (Lyrics),0,1.0485651,0.16553305,-0.22213197
Here I Come,2,1.0070618,-1.2086511,-0.0761503
Hilary Duff - What Dreams Are Made Of (Lyric Video),2,1.2081524,-0.19236824,-0.8206814
HIPPIE SABOTAGE - DEVIL EYES LYRICS,1,1.4437046,0.75192785,0.79483986
Hiroshi Sato - Blue And Moody Music,0,0.9763455,0.8348042,0.312152
Hiroshi Sato - I Can't Wait,0,1.0860915,1.2051136,-0.17443222
HIROSHI SATOH - Say Goodbye,0,1.0347466,0.4604244,0.31422478
HIROSHI SATOH - Sweet Inspiration JAPAN BOOGIE FUNK 1984,0,0.8541892,0.09976539,0.05541703
Hoobastank - The Reason (Official Music Video),2,0.54329103,-0.6851436,-0.29107144
HoodTrophy Bino - Baby (Official Music Video),0,1.2982858,1.2477916,-0.067194335
HoodTrophy Bino - Chosen Few (Official Music Video),0,1.4027759,1.2127391,-0.33906057
HoodTrophy Bino X Kalan.FRFR - I Want Her (Official Music Video),0,1.3485496,0.96722144,-0.5739926
Hozier - Too Sweet (Lyrics) ÔºÇi take my whiskey neatÔºÇ,2,0.96365285,-0.015136607,0.0795148
Hozier - Too Sweet (Official Lyric Video),2,0.79017156,-0.09901249,-0.06386188
Hozier - Too Sweet (Official Video),2,0.7366874,-0.2732084,-0.027438147
Hurricane On Saturn - Rescue Light (Official Video),2,1.5961057,-2.0044167,-0.17015171
Hurricane On Saturn feat. Deuce - Monsters (Official Visualizer),2,0.7894942,-0.2360462,-0.25632784
H√§ndel Messiah - Hallelujah Chorus,1,0.79300123,0.13912998,1.2114707
I JUST WANNA BE PART OF YOUR SYMPHONY,0,1.5625176,1.1661037,-1.0563393
"i saw her and she hit me like tadow ÔΩú Masego, FKJ - Tadow (slowed) Lyrics",0,1.2942834,1.0727191,0.41673747
I'm Ready,2,1.1804948,-0.95042294,-0.123565905
Ice Cube - It Was A Good Day,1,1.0863528,0.48523363,0.66371626
Iced Earth - Dante's Inferno,2,1.8834054,-0.4343122,0.3505492
If I Can't,0,1.1250875,0.73499364,-0.6999124
ILLIT (ÏïÑÏùºÎ¶ø) ‚ÄòMagnetic‚Äô Official MV,0,1.379348,1.1640265,-1.2553818
Imagine Dragons - Eyes Closed (Official Music Video),0,0.94427073,0.39497665,0.0379399
Imagine Dragons - Natural,0,1.0247686,0.04717258,-0.4906154
Imagine Dragons - Thunder (Lyrics),2,0.86536264,-0.29448062,0.17205735
Imperial March or Darth Vader's Theme,2,1.3209983,-0.95340395,0.77305484
In Ash,2,0.7796956,-1.2551296,-0.059991464
IN FLAMES - Ropes (Album Track),2,1.005963,-1.4527197,-0.2630672
In My Darkest Hour - Megadeth,2,1.4614768,-1.1393907,0.15415448
In The End [Official HD Music Video] - Linkin Park,2,1.2159579,-0.06570999,-0.55032796
Ingrid Andress - More Hearts Than Mine (Lyrics),0,0.8936081,0.51560616,0.22327821
Insomnium - ÔºÇMortal ShareÔºÇ Candlelight‚ß∏Peaceville Records,2,1.8805605,-0.5706561,0.5755929
Iron Maiden - Wasted Years (Official Video),2,0.9816343,-1.0584726,0.015895933
Isabel LaRosa - favorite (Lyrics),0,0.97234017,0.58303154,-0.9073453
Iyaz - Replay ÔΩú Lyrics,2,1.1331502,-0.22874203,-0.5312962
J. Cole - She Knows (Lyrics),0,1.1406925,0.31912082,0.4412555
J.S. Bach - Minuet and Badinerie from Orchestral Suite No. 2 in B,1,0.9385981,-0.020538418,1.4877591
Jack Harlow - Lovin On Me [Official Music Video],0,1.2236634,0.59961885,-1.0676463
Jack Harlow - Lovin On Me ÔΩú Lyrics,0,1.1713192,0.578081,-1.0343338
Jackson 5 ( Michael Jackson ) - I Want You Back Lyric Video,2,0.8316951,-0.35367674,0.07029769
Jaden - Icon,0,0.7691557,0.4267312,-0.49410218
Jason Aldean & Carrie Underwood - If I Didn't Love You (Lyric Video),0,0.8839799,0.16132174,-0.4491787
Jay Gudda - Slay [Official Video],0,1.2705419,0.69532734,0.39089173
Jay Rock - WIN,0,1.1813406,0.30523184,-0.7249736
JAY-Z - Empire State Of Mind ft. Alicia Keys,2,0.8865013,-0.3595846,-0.53042454
Jean-Jacques Perrey - Baroque Hoedown,2,2.0624967,-0.986513,-0.45658365
Jean-Jacques Perrey - The Elephant Never Forgets,1,1.318577,0.024347814,0.8563675
Jelly Roll - I Am Not Okay (Official Lyric Video),2,0.54331183,-0.55685276,-0.30385152
Jelly Roll - Liar (Official Music Video),2,0.7888072,-0.36879137,-0.5202408
Jelly Roll - Son Of A Sinner (Lyrics),2,1.0112464,-0.19874759,0.22455268
JENNIE & Dominic Fike - Love Hangover (Official Video),0,0.858192,0.9852578,-0.39542103
JENNIE - Mantra (Official Video),0,0.8208997,0.2354879,-0.7510029
Jessie Murph - Wild Ones (Lyrics) ft. Jelly Roll,0,1.2870729,0.043832336,0.14573419
"Jessie Murph, Jelly Roll - Wild Ones (Official Video)",0,0.9003061,0.3774099,-0.1260595
JID - Surround Sound (Lyrics) ft. 21 Savage & Baby Tate,0,1.1647421,0.754762,-0.32381758
Johann Pachelbel - Canon in D Major,1,1.4113333,0.23524885,0.77238744
Johann Sebastian Bach - Bouree In E Minor,1,0.9559895,0.51705,1.4853618
Johann Strauss II - The Blue Danube Waltz,1,0.9914269,0.9391179,1.6073856
Johann Strauss II - Tritsch-Tratsch-Polka Op.214,1,1.392195,-0.7791516,1.00953
"Johann Strauss II. - Geschichten aus dem Wiener Wald (Walzer, op.325)",1,0.7445004,0.32440582,1.3046544
Johann Strauss Sr. - Radetzky March,1,1.243771,-0.08459385,0.8668896
Johannes Brahms - Lullaby,1,1.5459,0.97105694,0.607154
Joji - Gimme Love (Lyrics),0,1.0965977,0.4849587,0.27989942
Joji - Gimme Love ÔΩú Lyrics,0,1.0901105,0.5206155,0.15262064
Jonas Brothers - Lovebug (Lyrics),0,1.6301143,0.77379143,-0.15973978
Jordan Adetunji - KEHLANI (Lyrics),2,1.0961304,-0.7281013,-0.24372685
Jordan Adetunji - KEHLANI REMIX (feat. Kehlani) [Official Video],2,1.038393,-0.20772052,-0.16318192
Jordan Davis - I Ain't Sayin' (Official Music Video),0,0.7082601,0.27023917,-0.35088655
Jordan Davis - Next Thing You Know (Official Lyric Video),0,0.8047277,0.7185501,-0.1015526
Jordan Davis ft. Luke Bryan - Buy Dirt (Lyrics),2,1.0188923,-0.074936956,-0.03955768
Judas Priest - Breaking The Law (Official Music Video),2,1.2240626,-1.0914102,-0.41071966
Judas Priest - Electric Eye (Official Video),2,1.6221774,-1.7608107,0.27277932
Judas Priest - Painkiller,2,1.295756,-1.7323717,-0.30036932
Judas Priest - Victim Of Changes,0,0.8575975,0.24174608,-0.073851064
Juice WRLD & Marshmello - Come & Go (Official Music Video),0,1.0780413,0.6353071,-0.8614576
Julius Fucik - Entry of the Gladiators,1,1.1675618,0.4991728,0.8625689
Junko Ohashi - I Love You So,2,1.0821216,-0.070269085,0.06388593
Junko Ohashi - Telephone Number (1984),2,1.1134878,0.026479239,0.39866462
Justin Bieber - Baby (Lyrics),0,1.0732093,0.19567859,-0.31047276
Justin Bieber - Hold On (Lyric Video),0,0.8373415,0.27762556,-0.39156523
Justin Bieber - Intentions (Lyrics) ft. Quavo,0,1.0945004,1.0585349,-0.41490197
Justin Bieber - Sorry (PURPOSE Ôºö The Movement),0,0.9092883,0.24525672,-0.6755418
Justin Bieber - Yummy (Lyrics),0,1.4985989,1.0399508,-0.4109482
Justin Timberlake - Can't Stop The Feeling! [Lyrics],2,0.758866,-0.5001114,-0.565192
Justin Timberlake - Selfish (Official Video),0,0.9017115,0.37489542,-0.1637704
JVKE - golden hour (Lyrics),0,1.1319697,0.62637776,0.091449186
Kacey Musgraves - Deeper Well (Official Music Video),2,1.1027241,-0.029021073,0.10894433
Kali - Area Codes (Lyrics),0,1.7019202,1.8666632,-0.5992109
Kali Uchis - Dead To Me (Lyrics),0,1.1093875,0.18662429,-0.29298595
Kalogri√° - Elefther√≠a  Arvanit√°ki,1,1.4391278,-0.45136756,1.1419139
KANA-BOON „Äé„Å™„ÅÑ„ÇÇ„ÅÆ„Å≠„Å†„Çä„ÄèMusic Video,0,1.1548065,0.14008987,-0.6633103
Kane Brown - Backseat Driver (Official Music Video),2,1.0655587,-0.14974204,0.54904807
Kane Brown - Like I Love Country Music (Lyrics),0,0.9496242,0.011986894,-0.14720418
Kane Brown - One Mississippi (Lyrics),2,0.47055724,-0.70982087,-0.28076544
Kanye West - Can't Tell Me Nothing,2,1.148374,-0.3733667,0.1251893
Kanye West - POWER,0,1.2647171,0.8534156,-0.27069125
Kanye West - Stronger,2,0.71956396,-0.61137575,-0.30580947
Kanye West - Touch The Sky (MTV Version) ft. Lupe Fiasco,0,0.88851696,0.3054468,-0.6323142
"Katy Perry - I'M HIS, HE'S MINE ft. Doechii (Official Video)",0,0.83714515,0.4299188,-0.6497037
Katy Perry - LIFETIMES (Official Video),0,0.95832443,0.30556428,-0.65937424
Katy Perry - Roar (Lyrics),2,0.68662465,-0.9246817,-0.16651969
Katy Perry - Roar,2,0.82441163,-0.2939136,-0.12993789
Keane - Everybody's Changing (Alternate Version),2,1.0740428,-0.6273946,-0.67133814
Keep Ya Head Up,0,1.0960039,0.09497038,-0.4811072
Kehlani - After Hours [Official Music Video],0,1.1194005,-0.0718735,-0.76594687
Kelsea Ballerini - half of my hometown (Lyrics)(ft. Kenny Chesney),2,0.89011633,-0.12802792,-0.11863151
Kendrick Lamar - DNA.,0,1.1388344,1.1854147,-0.31210685
Kendrick Lamar - Euphoria (Lyrics) (Drake Diss),0,1.0937105,0.6152458,-0.65848476
Kendrick Lamar - HUMBLE.,0,1.1848,1.1270858,-0.76883554
Kendrick Lamar - luther (Lyrics) ft. SZA,0,0.8417664,0.76937205,-0.2793804
Kendrick Lamar - luther (Official Audio),0,0.75229996,0.77837914,-0.46021265
Kendrick Lamar - Not Like Us,0,1.1772063,1.291752,-0.8091489
"Kendrick Lamar - Sing About Me, I'm Dying Of Thirst",0,0.9423583,0.70610774,-0.012158495
Kenya Grace - Strangers (Official Lyric Video),0,1.2477043,-0.07226214,-0.19052552
Kenya Grace - Strangers,0,1.2543365,-0.0803324,-0.18126094
Kid Cudi - Pursuit Of Happiness (Official Music Video) ft. MGMT,0,0.9897261,0.19638327,0.00923517
King & Prince„Äå„ÉÑ„Ç≠„É®„Éü„ÄçMV YouTube Edit,0,0.8832005,0.026305687,-0.5755819
King Gnu - SPECIALZ,2,0.7240621,-0.38867208,-0.21018945
King Gnu - ÁôΩÊó•,2,1.1203799,-0.07676317,-0.4144348
Kings Of Leon - Use Somebody (Official Video),2,1.2522227,-0.76159996,0.41118583
Koe Wetzel & Jessie Murph - High Road (Official Lyric Video),0,1.1973251,0.5502745,-0.4155812
Koe Wetzel - Sweet Dreams (Lyrics),0,0.9321307,0.23750962,-0.033381753
"kompa - roma x frozy (she said shes from the island)  (tiktok, sped up) [lyrics]",2,1.4634435,-0.16087836,0.18172793
Korn - Blind (Official HD Video),0,1.6410981,0.6468382,-0.9285363
Korn - Coming Undone,2,1.4794748,-0.020573007,-0.2443056
Korn - Freak On a Leash (Official HD Video),2,0.92604697,-0.40300235,-0.14911528
Korn - Y'all Want a Single (Official Video),2,1.0827138,-0.5604528,-0.52578014
La donna e mobile Pavarotti lyrics,1,1.7246817,1.0002174,1.0477575
La gazza ladra (The Thieving Magpie),1,1.1071475,-0.11779615,0.61609274
La Marseillaise - Mireille Mathieu,1,1.3509319,-0.06656187,0.51667863
Labrinth - Still Don‚Äôt Know My Name (Lyrics),0,1.3022922,1.0609485,0.06394419
Lady Gaga - Abracadabra (Lyrics),2,0.79143363,-0.7483855,-0.45513847
Lady Gaga - Abracadabra (Official Music Video),2,0.747233,-0.30936804,-0.20330761
Lady Gaga - Bloody Mary,2,0.510102,-0.3520183,-0.24720646
Lady Gaga - Disease (Official Lyric Video),2,1.833771,-0.47735786,-0.7421469
Lady Gaga - Disease (Official Music Video),2,1.1938782,-0.14834407,-0.850189
Lady Gaga - Judas (Slowed TikTok)(Lyrics) You can build a house or sink a dead body [cat noir],2,1.4573889,-0.20797415,-0.16113861
"Lady Gaga, Bruno Mars - Die With A Smile (Lyrics)",0,0.9046356,0.022122616,-0.11785067
"Lady Gaga, Bruno Mars - Die With A Smile (Official Music Video)",0,0.88608426,0.058342528,-0.10752781
LaikoiDromoi 4,0,1.574436,1.205717,0.34385535
Laila! - Not My Problem (Lyrics),2,1.4987441,-0.7160069,0.20883878
Lainey Wilson - Watermelon Moonshine (Lyrics),0,1.2950143,0.828815,0.29147038
Lainey Wilson - Wildflowers and Wild Horses (Lyrics),0,1.0365491,0.21326163,-0.06464502
Lainey Wilson - Wildflowers And Wild Horses (Visualizer),0,0.88658655,0.26946822,-0.13637856
Lamb Of God - Black Label -Live At Download- HIGH DEFINITION,2,1.4681934,-1.5545208,0.12393058
Lamb of God - Laid to Rest (Official HD Video),2,0.9392995,-1.0398315,-0.28199467
Lamb of God - Redneck (Official HD Video),2,0.56428975,-0.62772375,-0.35685036
Lamb of God - Walk With Me In Hell,2,1.7950339,-1.0443822,0.7006163
Last Night on Earth,2,0.6809073,-0.42430153,0.046584874
Lauv - I Like Me Better (Lyrics),0,0.9759542,0.9796562,-0.10812595
Lay Bankz - Ick (Lyrics) ÔºÇhe gave me the ickÔºÇ,0,0.68741095,0.6983166,-0.5649232
Leave Out All The Rest (Official Music Video) [4K Upgrade] - Linkin Park,0,1.006583,0.24494946,-0.34409344
LeoStayTrill - Pink Lemonade (Str8 Reload) (Lyrics),0,1.9734513,1.6652641,-0.43098912
Lewis Capaldi - Before You Go (Lyrics),0,0.974382,0.9808435,-0.25458246
like that! - laila!(sped up),0,1.4848288,0.6961105,-0.67602986
"Lil Nas X, Cardi B - Rodeo (Lyrics)",0,0.7712232,0.94056976,-0.6067542
lilithzplug - cleared - remix (slowed) lyrics ÔΩú f it let's go take it real slow,0,1.1756585,1.4843715,-0.13864547
Lily Rose - Villain (Lyrics),0,0.91987014,0.31445384,0.29229876
Limp Bizkit - My Way,2,1.0119766,-0.19035766,-0.33112898
Linkin Park - Castle of Glass,2,1.1577309,-0.8699587,0.057005182
LISA - MOONLIT FLOOR (Official Performance Video),0,0.7523327,0.371205,-0.6288739
LISA - ROCKSTAR (Official Music Video),0,1.1703858,0.37140024,-0.7792809
LiSA „ÄéÁÇé„Äè -MUSiC CLiP-,2,0.74190325,-0.221579,-0.083232686
"LisztÔºö Liebestraum No. 3, Notturno (Barenboim)",1,2.2667046,1.7436557,2.0695372
LL COOL J - Mama Said Knock You Out (Official Music Video),2,1.2790313,-0.37820855,0.06643633
Logic - One Day ft. Ryan Tedder (Official Audio),0,0.8052288,0.21505597,-0.01683238
Logic - The Return (Official Audio),2,0.8993347,-0.056052513,-0.16595232
Lola Young - Messy (Lyrics),0,0.8667349,0.44698948,-0.004550731
Lola Young - Messy (Official Video),0,0.85384995,0.23722932,-0.12024846
Loreen - Tattoo (Official Lyric Video),2,0.8669728,-0.14003131,-0.27036902
Love is blue,1,1.2391716,-0.61993754,1.1140687
Luigi BoccheriniÔºö Minuetto (classical),1,0.91096145,0.10858259,1.5312895
Luis Fonsi - Despacito ft. Daddy Yankee,0,0.8150965,0.50126237,-0.6641924
Luke Bryan - Waves (Lyrics),0,1.0534949,0.08916194,-0.25333068
Luke Combs - Ain't No Love In Oklahoma (Lyrics),2,0.7617687,-0.40448827,-0.09262695
Luke Combs - Beautiful Crazy (Lyrics),0,1.215601,0.81133443,0.3190793
Luke Combs - Better Together (Lyrics),0,1.192316,1.2066085,0.10127689
Luke Combs - Fast Car (Lyrics),2,0.7028444,-0.1903886,-0.10280272
Luke Combs - Forever After All (Lyrics),2,0.8534428,-0.2413101,0.11275441
Luke Combs - The Kind of Love We Make (Lyrics),2,0.9899791,-0.21742883,-0.015555256
Luke Combs - Where the Wild Things Are (Official Lyric Video),2,0.6578946,-0.31731814,-0.15755633
Lupe Fiasco - The Show Goes On,2,0.88911,-0.15766439,-0.48318857
Lupe Fiasco - Till I Get There (Lyrics),2,0.8850721,-0.23371048,-0.24963233
M.C. Hammer - U Can't Touch This,0,0.88558,0.13041936,-0.3276038
Macklemore & Ryan Lewis - Can't Hold Us (Lyrics) ft. Ray Dalton,2,0.8523133,-0.14667149,-0.2835767
MACKLEMORE - NEXT YEAR FEATURING WINDSER (OFFICIAL MUSIC VIDEO),0,0.6108454,0.64187074,-0.32769883
MACKLEMORE FEAT SKYLAR GREY - GLORIOUS (OFFICIAL MUSIC VIDEO),0,0.57359797,0.5025459,-0.16030836
Madison Beer - Make You Mine (Official Music Video),2,1.0674353,-0.038961034,-0.37195235
Mai Yamane - Heart For Sale,0,0.88154745,0.33320704,0.013304219
Mai Yamane - Tasogare - 1980,0,0.8091062,0.3991728,0.1725381
Maksim Mrvica - Croatian Rhapsody (LIVE),0,3.9291496,2.8923557,0.2048079
Mariah Carey - 100% HD (Music Video + Lyrics),0,1.2982802,0.14375333,-0.40460208
"Mariah Carey - Triumphant (Get 'Em) ft. Rick Ross, Meek Mill",0,1.0600601,0.22401913,-0.587197
Marilyn Manson - Antichrist Superstar (From Dead To The World),2,1.4452773,-1.6108509,-0.004172656
Marilyn Manson - Sweet Dreams (Are Made Of This) (Alt. Version),0,1.0522082,0.53527504,-0.40554884
Mark Morrison - Return of the Mack (Official Music Video),2,0.8296028,-0.36515278,-0.13819996
Mark Ronson - Uptown Funk (Official Video) ft. Bruno Mars,0,0.7197706,0.27472565,-0.35815445
markos vamvakaris documentary 1,1,0.9312259,0.34778485,1.078973
markos vamvakaris documentary 3,1,1.1459602,0.5896701,0.8149111
markos vamvakaris documentary 4,1,1.1036221,0.5954789,0.8690527
markos vamvakaris documentary 6,1,1.0363853,0.56999934,0.9890027
markos vamvakaris documentary 7,1,1.1143756,0.47095987,0.79553276
Maroon 5 - Memories (Lyrics),0,1.2927592,0.044269044,-0.013285659
Maroon 5 - Sugar (Lyrics),0,1.2168978,0.9117798,-0.3433436
Maroon 5 - Sugar (Official Music Video),0,0.8783838,0.1524857,-0.31203637
Marshmello ft. Bastille - Happier (Official Lyric Video),2,1.372572,-0.36679557,-0.6521959
"Marshmello, Kane Brown - Miles On It (Official Lyric Video)",2,1.0719944,-0.44909814,-0.7367111
"Marshmello, Kane Brown - Miles On It (Official Music Video)",0,1.1543014,0.98512405,-0.8321923
Mary J. Blige - Just Fine (Official Music Video),0,1.2390428,0.06850085,-0.6439879
MASE - Psycho! (Lyrics) ÔºÇi might just go psychoÔºÇ,0,1.2134295,1.2387629,0.0688296
Mastodon - Oblivion (Official Music Video) [HD Remaster],2,1.3243103,-1.8055228,0.17376123
Matchbox Twenty - Push (Official Video) [HD Remaster],2,0.87840456,-0.18215214,-0.1353241
Me Against The World,0,1.034889,0.21762653,-0.31856486
Meek Mill -Dreams And Nightmares (Intro),0,1.2633535,0.24121536,-0.7483372
Megadeth - Hangar 18 (HD),2,1.5923066,-1.8998493,-0.038506705
Megadeth - Holy Wars...The Punishment Due,2,1.3704572,-1.4530382,-0.32589376
Megadeth - Peace Sells Music Video FULL!!!,2,1.5683126,-0.5004998,0.49859247
Megadeth Burnt Ice (Studio Version),2,1.2965845,-1.6572216,0.14676324
Megan Moroney - Am I OkayÔºü (Official Lyric Video),2,0.8411703,-0.18110508,0.108609386
Megan Moroney - Girl in the Mirror (Lyrics),0,1.1585159,1.2101042,0.32889113
Megan Moroney - No Caller ID (Official Lyric Video),0,0.7179502,0.5258598,-0.11774626
Megan Moroney - Tennessee Orange,2,1.1521324,-0.37248737,0.6541355
Megan Thee Stallion - Mamushi (Lyrics) (feat. Yuki Chiba),0,1.0377775,0.82768786,-0.9102657
Meghan Trainor - No (Lyrics) Untouchable,0,0.8959531,0.399478,-0.6691499
Meiko Nakahara - Fantasy (1982),2,0.8511214,-0.9933006,-0.13003898
Melanie Martinez - Play Date (Lyrics) ÔΩú i guess i'm just a playdate to you,2,1.1153599,-0.12550709,0.06045603
Mendelssohn - Spring Song,1,0.96299565,0.610702,1.6092694
Mendelssohn's Wedding March,1,1.2466418,-0.63947576,1.0722383
Metallica - Disposable Heroes (Studio Version),2,1.7483156,-1.9140772,0.11174428
Metallica - For Whom the Bell Tolls {Offical Music Video},1,2.1468236,-0.0061243996,1.0055795
Metallica - One,2,1.6067777,-0.038634997,0.06344903
Metallica - Orion (Studio Version),2,1.3805076,-0.08660837,0.08792671
Metallica - The Unforgiven (Official Music Video),2,0.6869792,-0.6356043,-0.42941
Metallica Ride The Lightning,2,1.2202562,-1.1581163,0.0012627548
Metallica-Battery,2,1.7073936,0.005154521,-0.23340648
Metallica-Master Of Puppets (Lyrics),2,0.8712437,-0.84344655,-0.22953859
MetallicaÔºö Enter Sandman (Official Music Video),2,0.9378889,-0.8557414,-0.6859199
"Metro Boomin, The Weeknd, 21 Savage - Creepin",0,0.937327,0.40281883,-0.18300663
Michael Bubl√© - Feeling Good ÔΩú Lyrics,0,0.77489895,0.27191743,-0.19610171
Michael Marcagi - Scared To Start (Lyrics),2,1.0432006,-0.2614406,0.20832318
Michael Marcagi - Scared To Start (Official Lyric Video),2,1.0210576,-0.2715218,0.18445143
Michael Ray - Whiskey and Rain (Lyrics),2,0.698586,-0.51414,0.25432584
Miguel - Sure Thing (sped up lyrics),0,0.9004658,0.20688128,0.10730667
Miley Cyrus - Angels Like You (Lyrics),2,0.7228276,-0.23956682,-0.34852067
Miley Cyrus - Flowers (Lyrics),0,0.7141976,0.31482646,-0.1149104
Miley Cyrus - Flowers (Official Video),0,0.77137333,0.19330986,-0.20571968
Miley Cyrus - Midnight Sky (Lyrics),0,0.9204942,0.09364707,-0.43373105
Miley Cyrus - Party In The USA (Lyrics),2,1.1772316,-0.34502098,-0.63219935
Mims - This Is Why I'm Hot (Official Music Video),0,1.2418587,1.2966076,-0.24768282
Mingle Game Song ‚ÄúRound and Round‚Äù (Lyrics) ÔΩú Squid Game,0,1.0167679,0.42537895,0.040443
MIRA - Love Again (Lyric Video),0,1.02356,0.45237598,-0.73187834
MISAMO ‚ÄúDo not touch‚Äù M‚ß∏V,0,1.3572077,1.2072225,-1.0082848
MISIA - Everything ÔºàOfficial HD Music VideoÔºâ,2,1.1611977,-0.16687696,-0.4144066
MISIA - ÈÄ¢„ÅÑ„Åü„Åè„Å¶„ÅÑ„ÅæÔºàOfficial HD Music VideoÔºâ,0,1.5541968,1.2422138,-0.3563238
Mitchell Tenpenny - Bucket List (Lyrics),0,0.9671894,-0.0041131764,-0.25608045
Mitski - My Love Mine All Mine (Official Video),0,1.3797518,0.8095949,0.53088504
Mitski - My Love Mine All Mine,1,1.1544038,0.30537257,0.64083105
Money On My Mind,2,0.9953301,-0.48035216,-0.49534997
Montell Jordan - This Is How We Do It (Official Music Video),2,0.96296746,-0.49860236,-0.42879984
Moonlight Sonata,1,1.4239073,0.06634664,2.251547
Morgan Wallen - I Deserve A Drink,2,1.0261424,-0.6839905,-0.25866297
Morgan Wallen - Last Night (Lyrics),2,1.2601637,-0.16485494,-0.22007829
Morgan Wallen - Last Night (One Record At A Time Sessions),2,0.85761565,-0.33141685,-0.0693895
Morgan Wallen - Lies Lies Lies (Lyric Video),2,1.0410138,-0.064294815,-0.089775145
Morgan Wallen - Love Somebody (Lyric Video),2,0.898924,-0.5239352,-0.23851557
Morgan Wallen - Sand In My Boots (Official Lyric Video),2,1.0967865,-0.054085936,-0.15332688
Morgan Wallen - Smile (Official Music Video),1,1.2466199,0.9398657,0.7438315
Morgan Wallen - Still Goin Down (Official Lyric Video),2,0.92195463,-0.40248674,-0.057168785
Morgan Wallen - Thinkin‚Äô Bout Me,0,1.1827556,0.06254358,-0.27928782
moshonas odysseas prin to harama (original) rebetika Œ†Œ°ŒôŒù Œ§Œü ŒßŒëŒ°ŒëŒúŒë,1,2.653068,-0.7270642,2.398973
Mozart - Requiem,1,1.3051295,1.2881405,1.2889618
Mozart's Symphony no 40 - 1st movement,1,0.4710781,0.34685162,1.403613
Mr.Children „ÄåHANABI„Äç MUSIC VIDEO,2,1.0053983,-0.18558015,-0.1249577
Mrs. GREEN APPLE - ÂÉï„ÅÆ„Åì„Å®,0,1.1145984,0.05196647,-0.53014344
Mrs. GREEN APPLE„Äå„ÉÄ„É≥„Çπ„Éõ„Éº„É´„ÄçOfficial Music Video,0,0.9579652,0.32653728,-0.6438578
Mudvayne Dig Official Video (Uncensored!),2,2.3888443,-1.7872064,1.0836613
Muni Long - Twin where have you been (Made For Me) (Lyrics),0,0.9060089,0.24441119,-0.33756158
Muse - Starlight [Official Music Video],2,0.853414,-0.99877775,0.17829454
Muse - Supermassive Black Hole [Official Music Video],2,0.887148,-1.2401023,0.06470529
Muse - Uprising [Official Video],2,0.71177703,-0.9936516,0.0935858
Music of the Outsiders - Part 1,2,1.012011,-0.28107804,0.4319493
My Chemical Romance - I Don't Love You [Official Music Video] [HD],2,0.66432816,-0.83334213,-0.027664257
Myke Towers - LA FALDA (Video Oficial),0,1.220064,1.5774902,-0.21687587
Myles Smith - Stargazing (Lyric Video),2,0.76957786,-0.17042606,-0.09851754
M√•neskin - I WANNA BE YOUR SLAVE (Official Video),0,0.7836592,-0.008269282,-0.4186542
M√•neskin - THE LONELIEST (Official Video),0,1.5143988,1.2241969,-0.2189861
Nakatomi Plaza ÔΩú Die Hard ÔΩú Official Music Video (4K),2,1.59755,-2.0927663,0.17359108
Nas - Hate Me Now (Official HD Video) ft. Puff Daddy,0,0.9837024,0.3518924,-0.27669156
Nas - I Can (Official HD Video),0,0.81474,0.22268358,-0.072983116
Natasha Bedingfield - Unwritten (Lyrics),2,0.7589615,-0.31835333,-0.3106284
Nate Smith - Bulletproof (Lyrics),2,0.5736315,-0.5604207,-0.1642354
Nate Smith - Whiskey On You (Lyrics),2,0.6293486,-0.7297294,-0.10220887
Nate Smith - World on Fire (Official Lyric Video),2,0.5854945,-0.870449,-0.2980289
National Anthem of Colombia (Oh gloria inmarcesible) - Andr√© Rieu,2,1.6871557,-1.7507018,0.76651675
"Naughty Boy, Sam Smith - La La La (Lyrics)",0,0.7296004,0.21206667,-0.08065862
Ndotz - Embrace It ÔΩú miss if you got a bumper then shake it,0,2.081762,2.236585,-0.48736325
Nelly & Florida Georgia Line - Lil Bit (Lyrics),0,1.1150334,-0.05146407,-0.07795872
Nelly Furtado - Promiscuous (Lyrics) ft. Timbaland,2,0.73291326,-0.4187266,-0.4322717
NESYA - delulu (Lyrics) ÔΩú you're crazy haha,0,1.4274914,0.6708315,-0.40259486
New Divide (Official Music Video) [4K Upgrade] - Linkin Park,2,0.7578255,-0.98987347,-0.23030926
New Radicals - You Get What You Give (Official Music Video),2,1.6803372,-1.8544362,-0.20977655
NF - When I Grow Up,0,1.4616617,1.5553242,-0.83580136
Niall Horan - This Town (Lyrics),0,0.99596936,0.5623258,0.20090494
Nickelback - Far Away,2,0.72557026,-0.83591306,-0.4548868
Nicki Minaj & Ice Spice ‚Äì Barbie World (with Aqua) [Official Music Video],0,1.2781242,0.49991977,-0.8388116
"Nicky Youre, dazy - Sunroof (Lyrics)",0,0.8906782,0.8114762,-0.5043193
Nicola Benedetti - Tango - Por Una Cabeza,1,1.11049,1.0270034,1.0420529
Niko Moon - Good Time (Lyrics),0,0.65240514,0.26232627,-0.21871701
Nipsey Hussle - Victory Lap feat. Stacy Barthe [Official Video],0,1.0220469,1.0568542,-0.37176362
Nirvana - Come As You Are (Official Music Video),2,0.8880696,-0.43815267,-0.23690657
Nirvana - Heart-Shaped Box,2,1.00284,-0.25412098,0.18206258
Nirvana - Lithium (Official Music Video),2,1.0018857,-0.23406944,-0.2056552
Nirvana - Smells Like Teen Spirit (Official Music Video),2,0.73767257,-0.8081679,-0.29974663
Nirvana - Something In The Way (Lyrics),1,1.8522836,0.87838054,0.74537903
Nirvana - The Man Who Sold The World (MTV Unplugged),2,0.9529019,-0.9580259,0.4203816
Not Like Us,0,1.0760547,0.79815364,-0.76330215
Novelbright - „ÉÑ„Ç≠„Éü„ÇΩ„Ç¶ [Official Music Video],0,0.97947353,0.65309584,-0.38994464
Numb (Official Music Video) [4K UPGRADE] ‚Äì Linkin Park,2,0.7958156,-0.87746584,-0.23297623
Numb ‚ß∏ Encore (Official Audio) - Linkin Park ‚ß∏ JAY-Z,2,0.75648206,-0.6643749,-0.34007114
Oasis - Don't Look Back In Anger (Official Video),2,1.5778457,-1.5028951,0.7474236
ODETARI - KEEP UP (Lyrics),0,1.8701271,1.2387936,-0.23711981
Offenbach - Infernal Galop,0,1.3330607,0.3618868,0.41097912
OfficialÈ´≠Áî∑dism - 115‰∏á„Ç≠„É≠„ÅÆ„Éï„Ç£„É´„É†ÔºªOfficial AudioÔºΩ,2,1.0032343,-1.0816188,-0.49863198
OfficialÈ´≠Áî∑dism - Cry BabyÔºªOfficial VideoÔºΩ,2,1.1471518,-1.243141,-0.40907547
OfficialÈ´≠Áî∑dism - I LOVE...ÔºªOfficial VideoÔºΩ,0,1.3980762,0.05167371,-0.77266085
OfficialÈ´≠Áî∑dism - Mixed Nuts ÔºªOfficial VideoÔºΩ,2,1.1967218,-0.30980375,-0.3975443
OfficialÈ´≠Áî∑dism - PretenderÔºªOfficial VideoÔºΩ,2,1.342046,-0.22640263,-0.7377829
OfficialÈ´≠Áî∑dism - Subtitle [Official Video],0,1.0680325,0.36499232,-0.4517136
OfficialÈ´≠Áî∑dism - „Ç§„Ç®„Çπ„Çø„Éá„Ç§ÔºªOfficial VideoÔºΩ,2,0.6291643,-0.7068954,-0.16076991
OfficialÈ´≠Áî∑dism - „Éé„Éº„ÉÄ„Ç¶„ÉàÔºªOfficial VideoÔºΩ,2,1.1110942,-1.228312,-0.52137905
OfficialÈ´≠Áî∑dism - ÂÆøÂëΩÔºªOfficial VideoÔºΩ,2,0.7881345,-0.4726923,-0.4614128
Oliver Anthony - Rich Men North of Richmond (Lyrics),0,1.4238167,0.40204337,0.3824385
Oliver Anthony - Rich Men North Of Richmond,0,1.4079002,0.4988244,0.24506882
Oliver Tree - Alien Boy ‚ß∏‚ß∏ lyrics,0,1.2657778,1.0267293,-0.42798078
Olivia Rodrigo - good 4 u (Clean - Lyrics),0,0.80089015,0.34653953,0.029095765
Olivia Rodrigo - vampire (Clean - Lyrics),0,0.8127118,0.3473491,-0.5139878
Olivia Rodrigo - vampire (Official Video),0,0.6931437,0.83590895,-0.2685892
Olympic Anthem - Bugler's DreamÔºÇ - composed by Leo Arnaud,1,1.3781846,-0.5908408,1.3742408
OMI - Cheerleader (Felix Jaehn Remix) (Lyrics),0,1.0353996,0.11315924,0.13549022
One Direction - Steal My Girl (Lyrics),2,0.7570828,-0.2811633,-0.054640613
Opeth - Ghost of Perdition (Audio),2,0.62350947,-1.0422208,-0.21715346
"Outkast - Git Up, Git Out (Official HD Video) ft. Goodie Mob",0,1.2545205,0.5323386,0.025524726
Outkast - In Due Time (Official Video),0,1.2968545,0.77349913,0.31776366
Outkast - Player's Ball (Official HD Video),0,0.90528923,0.28396702,-0.05065147
Owen Riegling - Old Dirt Roads (Official Lyric Video),2,0.69217336,-0.6810327,-0.16899173
Owl City - Fireflies (Lyrics),0,0.9836541,0.7657129,-0.76712954
OZZY OSBOURNE - ÔºÇNo More TearsÔºÇ (Official Video),2,0.6024385,-0.5979123,-0.29093605
P!nk & Chris Stapleton - Just Say I'm Sorry (Lyrics),0,1.2870543,1.269188,-0.38001937
PAKISBANDA 25 aprile,0,1.5029696,0.9899757,0.48249874
Palladio,1,1.0218015,0.4548125,1.4550643
Pantera - 5 Minutes Alone (Official Music Video) [4K Remaster],2,0.87141085,-0.91640484,-0.33856612
Pantera - Domination,2,1.2836831,-1.1654105,-0.5577957
Pantera - Mouth For War (Official Music Video) [4K],2,1.5271152,-1.6560671,-0.16039363
Pantera - Walk (Official Music Video) [4K],2,1.16802,-0.57413185,-0.26415765
Papercut [Official HD Music Video] - Linkin Park,2,1.1236402,-0.74638194,-0.47538662
Paramana kouna kouna - Agathonas Iakovidis,2,1.3117063,-0.3592885,0.42381835
Paramore - Still into You ÔΩú Lyrics,2,0.7314606,-0.82957464,-0.5078952
ParamoreÔºö Decode [OFFICIAL VIDEO],2,0.8316933,-1.1886594,-0.100518644
Parker McCollum - Handle On You (Official Lyric Video),2,0.7126865,-0.4990939,-0.19940308
Parker McCollum - To Be Loved By You (Lyrics),2,0.76432526,-0.8383593,-0.07637123
Paul Abraham Dukas - Sorcerer's Apprentice,1,1.6061155,1.6390209,0.9576442
Paul Russell - Lil Boo Thang (Lyrics),2,0.95813763,-0.36081663,-0.5779361
Pavarotti - Vesti La Giubba,1,1.6375809,1.3310672,1.2901679
Pavarotti ÔºÇnessun dormaÔºÇ,1,1.2027168,-0.029222189,0.670138
PAWSA & Adventures of Stevie V - Dirty Cash (Money Talks),0,1.400434,1.697817,-0.62526983
Peach Tree Rascals - Mariposa,0,0.92684317,0.63311785,-0.6809663
Pearl Jam - Black (Official Audio),2,1.0394238,-0.19664837,-0.10752068
Pearl Jam - Even Flow (Official Video),2,0.85351974,-1.2017269,-0.22392654
Pharrell Williams - Happy (Lyrics),0,1.2016854,-0.045092206,-0.64008844
"PinkPantheress, Ice Spice - Boy‚Äôs a liar Pt. 2 (Official Video)",0,1.1888134,0.3345359,-0.30727953
Piotr Ilich Tchaikovsky - 1812 Overture (Finale),1,0.8538228,0.44784257,1.1245922
Pixies - Where Is My Mind,2,1.0216162,-0.091499366,0.06329435
Pokolgep - Metal Az Esz,2,1.9039776,-0.23551433,0.5440462
Pollini plays Chopin Etude Op.10 No.12 'Revolutionary',1,1.5038126,0.82167333,1.9385655
Pollute the Mainstream,2,1.0015202,-0.15208222,-0.546146
Post Malone & Morgan Wallen - I Had Some Help (Lyrics),2,0.6825493,-0.60681796,-0.14885442
Post Malone - Better Now (Official Video),0,0.9611912,0.63144,-0.3804275
Post Malone - Circles (Lyrics),0,0.7541321,0.9010122,-0.2237575
Post Malone - Circles,2,1.1078408,-0.24525946,-0.05974728
Post Malone - Fallin‚Äô In Love (Lyric Video),2,0.54744565,-0.68919194,-0.03377217
Post Malone - I Had Some Help (feat. Morgan Wallen) (Official Video),2,0.51022315,-0.56196016,-0.21369572
Post Malone - Losers (Lyric Video) ft. Jelly Roll,2,0.7179826,-0.37366888,-0.5533685
Post Malone - Wrong Ones (Lyric Video) ft. Tim McGraw,2,0.6510138,-0.4291828,-0.3357781
Post Malone ft. Blake Shelton - Pour Me A Drink (Official Video),2,0.8658134,-1.2437339,-0.11731166
"Post Malone, Swae Lee - Sunflower (Lyrics) (Spider-ManÔºö Into the Spider-Verse)",0,0.72237766,0.7640177,0.023754785
"Post Malone, Swae Lee - Sunflower (Lyrics)",0,0.78971136,0.7859649,-0.0717743
Priscilla Block - Good On You (Official Lyric Video),2,0.7001272,-0.6563289,-0.19057342
PSY - GANGNAM STYLE(Í∞ïÎÇ®Ïä§ÌÉÄÏùº) M‚ß∏V,0,1.1981052,0.40845755,-0.9282119
Psyche Rock - Pierre Henry,2,1.1539885,-0.10527324,0.25482628
Public Enemy - Fight The Power (Official Music Video),2,1.4241855,-1.542092,0.17405121
Puff Daddy [feat. The Notorious B.I.G. & Busta Rhymes] - Victory (Official Music Video),2,0.6973299,-0.41605738,-0.1574096
Queens Of The Stone Age - No One Knows (Official Music Video),2,1.068954,-0.14958529,-0.15784289
R.E.M. - Losing My Religion (Official HD Music Video),2,1.3316948,0.0826086,-0.19117768
Radiohead - Creep,0,1.1957558,0.49237874,-0.4718664
Radiohead - Karma Police,2,0.72028893,-0.39797917,-0.15394992
RADWIMPS - ÂâçÂâçÂâç‰∏ñ (movie ver.) [Official Music Video],2,0.93356663,-0.35290962,-0.43097278
RADWIMPS - ÊÑõ„Å´„Åß„Åç„Çã„Åì„Å®„ÅØ„Åæ„Å†„ÅÇ„Çã„Åã„ÅÑ [Official Music Video],0,1.0494308,0.7783356,0.27468672
Rage Against The Machine - Bulls On Parade (Official HD Video),2,0.640259,-0.62108296,-0.092504196
Rage Against The Machine - Killing In the Name (Official HD Video),2,0.7652143,-0.8248691,-0.4484044
RAYE - Escapism. (Lyrics) ft. 070 Shake,0,0.93281865,0.5912593,0.03493541
RAYE - Oscar Winning Tears. (Lyrics),0,0.61428666,0.7890155,-0.27982056
Rebetiko-Erinaki.wmv,1,0.8970708,0.4396286,0.8073258
REBETIKOÔºö Ev√¨ Ev√†nÔºö ÔºÇKAIXISÔºÇ (Barcaiolo),1,0.99412256,-0.1970266,1.5428083
Reborn,0,0.9829183,0.13169141,0.05010954
Red Hot Chili Peppers - By The Way [Official Music Video],2,1.0531797,-0.43778232,-0.56371564
Red Hot Chili Peppers - Californication (Official Music Video) [HD UPGRADE],2,1.0316873,-0.2883021,-0.29804218
Red Hot Chili Peppers - Can't Stop [Official Music Video],2,1.017994,-0.2689399,-0.6292576
Red Hot Chili Peppers - Dani California [Official Music Video],2,0.70301676,-0.7507484,-0.24703716
Red Hot Chili Peppers - Otherside [Official Music Video] [HD UPGRADE],2,1.0806257,-0.3212668,-0.41292024
Red Hot Chili Peppers - Scar Tissue [Official Music Video] [HD UPGRADE],2,1.097629,-0.12230744,-0.4804953
Red Hot Chili Peppers - Snow (Hey Oh) (Official Music Video),2,0.91416353,-0.2023594,0.11979836
Red Hot Chili Peppers - Under The Bridge [Official Music Video],0,1.2446619,0.74068356,-0.43849713
"Rema, Selena Gomez - Calm Down (Lyrics)",0,1.0659562,0.12090876,-0.11078903
"Rema, Selena Gomez - Calm Down (Official Music Video)",0,0.91783416,0.29722854,-0.29866058
"Rembetiko #1 (movie,1983)",2,1.5473564,-1.2744178,0.8039333
"Rembetiko #2 (movie,1983)",2,1.4267583,-0.79845405,0.7669502
"Rembetiko #3 (movie,1983)",1,1.1587652,0.26683038,1.0145383
"Rembetiko #4 (movie,1983)",2,1.861347,-1.4424202,1.1874796
RembetikoÔºö  Music of the Outsiders - Part 2,2,1.0099127,-0.64310604,0.44154936
RembetikoÔºö  Music of the Outsiders - Part 3,2,1.2234188,-0.15253246,0.36561394
RembetikoÔºö  Music of the Outsiders - Part 4,1,1.1492912,-0.24921575,0.649788
RembetikoÔºö  Music of the Outsiders - Part 5,2,1.0569046,-0.48466906,0.4579035
RembetikoÔºö  Music of the Outsiders - Part 6,2,1.0958439,-0.28374976,0.39821723
RembetikoÔºö  Music of the Outsiders - Part 7,2,1.0290513,-0.59343386,0.46367562
Remember The Name (Official Video) - Fort Minor,2,1.001036,-0.23839438,-0.5055496
Restless Road - Last Rodeo (Official Lyric Video),2,0.6532647,-0.57804304,-0.4531267
Rex Orange County - AMAZING (Lyrics),0,0.82589,0.79219383,0.09609763
Richard Strauss - Also Sprach Zarathustra ‚ß∏ 2001 Space Odyssey opening theme,0,2.5614288,2.1803617,0.53770506
Rick Ross - Hold Me Back (Explicit) [Official Video],2,1.3252864,-0.5211842,-0.70239794
Rihanna - Breakin‚Äô Dishes (Lyrics),2,1.0401896,-0.60442424,-0.587445
Rihanna - Diamonds ‚ß∏‚ß∏ Lyrics,2,1.0655943,-0.7756706,-0.5683685
Riley Green - Worst Way (Lyric Video),2,1.1324437,-0.004988324,0.42038676
Rod Wave - 25 (Lyrics),0,0.89498156,0.37258184,-0.45192146
Rolling In The Deep - Adele (Lyrics) üéµ,0,1.2506219,0.63866454,-0.27495033
Rosa Linn - SNAP (Lyrics),0,0.87684447,0.32291284,0.0423704
ROSEÃÅ & Bruno Mars - APT. (Official Music Video),2,0.94713956,-0.18854918,-0.65324664
ROSEÃÅ - toxic till the end (OFFICIAL MUSIC VIDEO),0,1.1860132,1.066991,-0.62915695
RossiniÔºö William Tell OvertureÔºö Final,1,1.5845861,0.9686232,0.7491872
ROS√â & Bruno Mars - APT. (Lyrics),2,0.6701133,-0.42240652,-0.25063047
"RUN DMC, Jason Nevins - It's Like That (Official HD Video)",2,1.4061631,-0.27391464,-0.5924789
Ruth B. - Lost Boy (Lyrics),0,1.4306983,0.8591348,0.4832788
Ryan Hurd & Maren Morris - Chasing After You (Lyrics),0,1.0170335,0.11287715,0.06189525
Ryan K - MIND is MADE (Official Video),2,1.1610826,-0.17755458,-0.55935794
Ryo Fukui - Scenery 1976 (FULL ALBUM),0,1.1874518,0.5232509,0.5361122
Sabrina Carpenter - Bed Chem (Official Lyric Video),0,1.3038014,0.50047785,-1.1182911
Sabrina Carpenter - Espresso (Official Video),0,1.3947855,-0.12067065,-0.7207599
Sabrina Carpenter - Feather (Clean - Lyrics),0,0.83864504,0.26344052,-0.7006769
Sabrina Carpenter - Please Please Please (Official Video),0,0.7313151,0.25075614,-0.109679334
Sabrina Carpenter - Taste (Official Lyric Video),2,1.1552333,-0.3261458,-0.79357135
Saltadwros (rare),1,1.9689521,-0.3706955,0.7861359
Sam Fender - People Watching (Official Video starring Andrew Scott),2,0.9324872,-1.265503,0.2080241
Sam Heselwood - Home (Music Video),0,0.7925196,0.311306,-0.33319578
sapientdream - Pastlives (lyrics),1,1.3427598,0.6971205,1.6344783
Sarah Geronimo - Maybe This Time (Lyrics),0,1.0433584,1.2839211,-0.41323918
Saucy Dog„Äå„ÅÑ„Å§„Åã„ÄçMUSIC VIDEO,2,0.88961345,-0.06951216,-0.44262007
Scars To Your Beautiful - Alessia Cara (Lyrics),2,1.1856278,-0.16921309,-0.38878417
SEKAI NO OWARI„ÄåHabit„Äç,0,1.1392751,1.0345677,-0.5334708
Selena Gomez - Rare (Lyrics),0,0.70360756,0.33598402,-0.03482919
"Selena Gomez, Marshmello - Wolves (Lyrics)",0,0.7070782,0.13945462,-0.20395745
SEVDALIZA - ALIBI FT. PABLLO VITTAR & YSEULT (OFFICIAL MUSIC VIDEO),0,1.1567695,0.925339,-0.9777474
SEVDALIZA FT. PABLLO VITTAR & YSEULT - ALIBI (Letra‚ß∏Lyrics),0,1.1023477,0.9526584,-0.7882282
Shaboozey - A Bar Song (Lyrics) ÔºÇsomeone pour me up a double shot of whiskeyÔºÇ,2,0.70672655,-0.12489648,-0.008733586
Shaboozey - A Bar Song (Tipsy) [Official Visualizer],2,0.7176213,-0.1875948,-0.19682847
Shaboozey - Good News (Lyrics),0,0.86939836,0.49141416,0.13932125
Shake It Off - Taylor Swift (Lyrics) üéµ,2,0.94166195,-0.22507723,-0.31463718
Shawn Mendes - Why Why Why (Official Music Video),0,1.1488085,0.70157444,0.0058518797
Shy Smith - Soaked (Lyrics),0,1.065076,0.9245228,-0.6790134
Sia - Fame Won't Love You (feat. Paris Hilton) ÔΩú Lyrics,0,1.2113875,0.7217827,-0.8078269
Sia - Together ÔΩú Lyrics,0,1.2206472,0.32568392,-0.7996369
SIAM√âS ÔºÇThe WolfÔºÇ [Official Animated Music Video],2,0.6060085,-0.7444172,-0.2165519
Sir Edward Elgar - Pomp and Circumstance March No.1,2,1.4258711,-0.73635143,0.923766
SIXTEEN CANDLES,0,0.98420304,0.74507874,0.028752206
SixTONES ‚Äì „Åì„Å£„Åã„Çâ [YouTube ver.],2,1.2758542,-1.3970747,-0.29916343
SK No Edit & Keith Murray ‚Äî Love Me Heavy (Official Video),0,1.1088358,0.27363256,-0.88097507
Slayer - Seasons In The Abyss,2,1.7621225,-1.0963892,0.8892818
Slayer - War Ensemble,2,1.5563807,-1.4044557,-0.13567846
Slayer ~ Angel of Death (Lyrics),2,0.9267311,-1.2165647,-0.44439897
Slayer- Raining Blood (lyrics),2,1.3234934,-1.6988883,-0.20287564
Slipknot - Duality [OFFICIAL VIDEO] [HD],2,0.8459604,-1.1171712,-0.12634467
Snow Man„ÄåD.D.„ÄçMV (YouTube ver.),2,0.9579329,-0.94214714,-0.5424669
Snow Man„Äå„Éñ„É©„Ç∂„Éº„Éì„Éº„Éà„ÄçMusic Video,2,0.73880494,-0.92042834,-0.3831534
Snow Patrol - Chasing Cars (Official Video),2,1.3530143,-0.08812075,-0.2935282
Soap&Skin - Me And The Devil (Lyrics),1,1.1196331,0.10949469,0.67881584
Soul Asylum - Runaway Train (Official HD Video),2,1.0435876,-1.3882742,-0.35078946
Soundgarden - Black Hole Sun,2,0.67780226,-0.87390465,-0.2797238
Sousa - The Washington Post March,2,1.0847522,0.035467412,0.18377072
Stephen Sanchez - Until I Found You (Lyrics),0,1.4669698,0.031484988,-0.19699693
Steve Lacy - Bad Habit (Lyrics),2,0.822318,-0.114667326,0.18102443
Sto tounezi sth Mparmparia (rare),2,1.9766756,-0.950404,0.6587121
Stray Kids ÔºÇLose My Breath (Feat. Charlie Puth)ÔºÇ M‚ß∏V,0,0.7516964,0.38968292,-0.108204596
"Stromae, Pomme - Ma Meilleure Ennemie English Lyrics (Arcane Season 2 Soundtrack)",0,0.77790993,0.76901937,-0.21473412
Sub Urban - Cradles (Lyrics),0,1.4988621,1.1134465,-0.7809239
SUICIDAL-IDOL - ecstacy (slowed‚ß∏tiktok version) Lyrics ÔΩú sticking out your tongue for the picture,0,0.9146374,0.51173574,-0.031236608
Suki Waterhouse - Good Looking (Official Video),2,0.96744794,-0.9112591,-0.17020763
Sunday Morning - Maroon 5 (Lyrics) üéµ,2,1.0447706,-0.9433457,-0.17140813
Superfly „ÄéÊÑõ„Çí„Åì„ÇÅ„Å¶Ëä±Êùü„Çí„ÄèMusic Video,2,0.962844,-0.7114924,-0.09127906
Surfaces - Sunday Best (Lyrics) ÔºÇFeeling good like I shouldÔºÇ,0,0.9410318,0.9380853,-0.4857609
Symphony X - The Odyssey,2,0.7675526,-0.2889691,0.082684174
System Of A Down - B.Y.O.B. (Official HD Video),2,0.85498375,-1.1098087,-0.45185483
System Of A Down - Chop Suey! (Official HD Video),2,0.7815965,-0.7775673,-0.3263433
System of a Down - P.L.U.C.K Lyrics,2,1.277324,-0.65919864,-0.5825721
System Of A Down - Toxicity (Official HD Video),2,0.7617173,-0.39261395,-0.44078103
SZA - BMF (LYRICS),0,1.0090073,0.6994337,-0.11683268
SZA - Kill Bill (Official Audio),0,1.1819563,0.5643841,-0.07272504
SZA - Snooze (Audio),0,0.75895387,0.47813126,-0.10097896
SZA - Snooze (Lyrics),0,0.9631213,0.5839197,-0.055754554
T.I. - Live Your Life ft. Rihanna [Official Video],0,0.9461969,0.18200381,-0.436824
Taeko Ohnuki - 4_00 AM - 1978,2,0.74623466,-0.8526256,-0.2781749
Taeko Ohnuki - Sunshower - 01 Summer Connection,2,1.04967,-0.57866544,-0.181512
Taeko Ohnuki - ÈÉΩ‰ºö,2,0.9118181,-0.25624874,0.040576465
Taio Cruz - Dynamite (Lyrics),2,0.82231784,-0.57175934,-0.1610912
Takako Mamiya  - One More Night,2,0.847724,-0.37527102,0.40026006
Takako Mamiya  [ÈñìÂÆÆË≤¥Â≠ê] - Chinese Restaurant,1,0.98223406,-0.26506752,0.93027014
Takako Mamiya  [ÈñìÂÆÆË≤¥Â≠ê] - What A Broken Heart Can Do,1,1.1505886,-0.43683878,0.76498425
Takako Mamiya - Love Trip,1,1.0576298,-0.14795674,0.76536274
Takako Mamiya - ÂìÄ„Åó„Åø„ÅØÂ§ú„ÅÆÂêë„Åì„ÅÜ (1982),1,1.0709411,0.12220683,0.5602177
Takako Mamiya [ÈñìÂÆÆË≤¥Â≠ê] - All Or Nothing,1,0.8923516,-0.11182141,0.8530011
Takako Mamiya [ÈñìÂÆÆË≤¥Â≠ê] - Morning Flight,2,0.83374363,-0.3663887,0.20111379
Takako Mamiya [ÈñìÂÆÆË≤¥Â≠ê] - Nagisa de Dance,2,0.8524583,-0.56345785,0.26553106
Takako Mamiya [ÈñìÂÆÆË≤¥Â≠ê] - Tasogare wa Ginpaku no,1,1.1249672,-0.02943126,0.6198939
Tate McRae - 2 hands (Official Video),2,1.0417138,-0.29310405,-0.73984927
Tate McRae - greedy (Official Video),0,0.9059477,0.22790392,-0.66216284
Tate McRae - It's ok I'm ok (Official Video),2,0.9318704,-0.3221754,-0.29731372
Tate McRae - Sports car (Official Video),0,0.8481124,0.43415782,-0.6293851
Taylor Roche - costume party (Music Video),0,0.94433993,0.1321961,-0.17541818
Taylor Swift - Anti-Hero (Official Music Video),0,0.8823651,1.0988466,-0.050171085
Taylor Swift - Cruel Summer (Lyrics),2,0.6714964,-0.7691559,0.07148209
Taylor Swift - Cruel Summer (Official Audio),2,0.6096663,-0.5519898,0.037771203
Taylor Swift - Cruel Summer,2,0.66186434,-0.5097403,0.03956754
Taylor Swift - Enchanted,2,1.4228215,-0.12078064,-0.8789743
Taylor Swift - Fortnight (feat. Post Malone) (Official Music Video),0,0.99148846,0.3694547,0.06442646
Taylor Swift - Out Of The Woods (Lyrics),2,0.67423755,-0.6856305,-0.15616967
Taylor Swift - Shake It Off,0,0.8538053,0.32259607,-0.6462836
Tchaikovsky - Piano Concerto 1 (B Flat Minor),1,1.4679521,1.3846649,1.6413465
Tchaikovsky - Swan Lake - Scene - Part 1‚ß∏8,1,0.8961588,0.40404215,1.0207112
Tchaikovsky Nutcracker Highlights (2‚ß∏4); March‚ß∏Snowflakes Waltz; Lanchbery,1,0.84369427,0.8103283,1.0724902
Tchaikovsky Nutcracker Suite - Russian Dance Trepak,1,1.9221518,0.53059244,0.7070202
Tears For Fears - Everybody Wants To Rule The World (Lyrics),2,0.73845804,-0.91294867,-0.018912127
Teddy Swims - Are You Even Real (feat. Givƒìon) [Official Music Video],0,1.4150159,1.7228022,-0.49375194
Teddy Swims - Bad Dreams (Official Music Video),0,1.0157473,0.22689304,0.08077825
Teddy Swims - Lose Control (Live),0,0.87706506,0.30116725,-0.34976822
Teddy Swims - Lose Control (Lyrics),0,0.8644882,0.13312757,-0.2666667
Teddy Swims - The Door (Official Music Video),2,0.9406519,-0.9329044,-0.071263455
Tems - Burning (Official Video),0,1.2541084,1.2926022,-0.14762662
Ten Thousand Fists,2,1.0463302,-0.9684629,-0.4865487
Tesher & Jason Derulo - Jalebi Baby ÔΩú Lyrics,2,1.0436563,-0.25512388,-0.5933408
The Beatles Helter Skelter,2,1.1654074,-0.88466173,-0.044195823
The Black Eyed Peas - I Gotta Feeling (Lyrics),2,0.8041742,-0.73003757,0.1295177
The Cranberries - Dreams (DirÔºö Peter Scammell) (Official Music Video),2,0.93241596,-0.46167988,0.05645958
The Cranberries - Linger (Official Music Video),2,0.935562,-0.16982208,0.18121131
The Cranberries - Ode To My Family (Official Music Video),2,0.942801,-0.58487004,-0.022113774
The Cranberries - Zombie (Official Music Video),2,0.94473904,-0.5187988,-0.44673905
The Cure - Just Like Heaven,2,1.5186936,-0.553124,-0.18774249
The Emptiness Machine (Official Music Video) - Linkin Park,0,1.4218013,0.104956016,-0.82671255
The Flower Duet (Lakm√©),1,1.9692233,1.5982281,1.3093438
The Four Horsemen - Metallica,2,1.7044314,-1.5130016,0.17194557
The Glass Prison,2,1.0881696,-1.499027,-0.00659713
The Killers - Mr. Brightside (Official Music Video),2,1.3907337,-1.2474288,-0.5385887
The Lumineers - Ophelia Lyrics,2,1.1370567,0.002224025,0.26108947
The Neighbourhood - Sweater Weather (Lyrics),2,1.0257392,0.030955235,0.28440177
The Notorious B.I.G. - Sky's The Limit (Official Music Video) [4K],2,0.8940122,-0.099972636,-0.1501321
The Rasmus - In the Shadows (US Version),2,0.9985145,-0.69470245,-0.491572
The Score - Unstoppable (Lyric Video),2,0.6899481,-0.97987235,-0.08616915
The Script - Hall of Fame (Official Video) ft. will.i.am,0,0.8872106,0.28799173,-0.24724752
The Script - The Man Who Can't Be Moved (Lyrics),2,1.1522762,-0.17637312,-0.55904704
The Skinner Brothers feat. Love Ghost - ÔºÇFreedom in a Padded CellÔºÇ (official music video),2,0.6229128,-0.45135176,-0.16879256
The Smashing Pumpkins - 1979 (Official Music Video),2,0.83340794,-0.28576112,-0.023326108
The Sting Theme (Joplin - The Entertainer),1,1.0422255,0.78730476,1.7392344
The Sweet Escape - Gwen Stefani (Feat. Akon) (Lyrics) üéµ,2,1.2442868,-0.106083795,-0.5005174
The Tech Thieves - Fake (Lyrics),0,0.83717537,0.59827775,0.04912367
The Verve - Bitter Sweet Symphony,2,0.9282787,-1.233626,0.29560748
The Wallflowers - One Headlight (Official Music Video),2,0.83911526,-0.309502,-0.042332705
The Weeknd - Blinding Lights (Lyrics),2,0.8821139,-0.5771457,-0.024560396
The Weeknd - Dancing In The Flames (Official Music Video),2,1.0744815,-0.91233104,0.3115808
The Weeknd - Open Hearts (Official Video),2,1.0631739,-0.31354144,0.29624912
The Weeknd - S√£o Paulo (Official Music Video),2,0.93303823,-0.13473193,0.25168782
"The Weeknd, Ariana Grande - Die For You (Remix ‚ß∏ Lyric Video)",2,0.97628033,-0.08141504,-0.053135626
"The Weeknd, JENNIE, Lily-Rose Depp - One Of The Girls (Lyrics)",2,1.0726987,-0.11762818,0.1483593
"The Weeknd, JENNIE, Lily-Rose Depp - One Of The Girls (Official Video)",0,0.7052715,0.3612929,0.07926075
"The Weeknd, Madonna, Playboi Carti - Popular (Official Music Video)",0,0.98570955,1.0530354,-0.29126814
"The Weeknd, Playboi Carti & Madonna - Popular (Lyrics)",0,1.0149957,0.9578315,-0.3603517
"The Weeknd, Playboi Carti - Timeless",2,0.9108252,-0.29926082,-0.20586216
The White Stripes - Seven Nation Army (Official Music Video),0,1.74017,1.0633302,-0.24708341
Thirty Seconds To Mars - The Kill (Bury Me),0,1.2029275,0.32701886,-0.34732005
Thomas Rhett - Beautiful As You (Lyric Video),0,0.86685055,0.10966876,-0.43397564
Thomas Rhett - Somethin' 'Bout A Woman (Official Lyric Visualizer) ft. Teddy Swims,2,0.7674325,-0.08984805,-0.22497422
Thomas Rhett - What‚Äôs Your Country Song (Lyrics),2,1.0296425,-0.1304493,-0.43947384
Tiagz - Tacata (Lyrics) ÔΩú i don't speak portuguese i can speak ingles,0,2.3993268,2.5976467,-0.46287087
Tigirlily Gold - I Tried A Ring On,2,0.91612333,-0.22239794,0.013565976
Till I Collapse,2,1.0113941,-0.09794244,-0.23329812
Tinashe - Nasty (Lyrics),0,1.5392557,1.5157436,-0.23293373
To praktoreio.. Makam,1,1.3002301,0.7949332,0.53251916
"TOESUP, Smiley - Two Feet (Official Visualizer)",0,0.9243583,-0.008954191,-0.25122535
Tom Odell - Another Love (Lyrics),0,1.1721995,0.97463274,0.11975471
Tommy Richman - MILLION DOLLAR BABY (Lyrics),0,0.9864186,0.9742978,-0.54061455
Tommy Richman - MILLION DOLLAR BABY (Official Music Video),0,1.04747,1.0271509,-0.70737654
Tomoko Aran - I'm In Love [Warner Bros. Records] 1983,0,0.9599259,0.44905043,-0.03931679
Tones and I - Dance Monkey (Lyrics),0,0.7303765,0.49338955,-0.45064548
Toosii - Favorite Song (Lyrics),0,1.0874946,0.9916109,0.111103214
Toosii - Favorite Song (Official Video),0,1.139789,1.4109596,-0.043050922
Top 10 Piano Songs (HD),1,0.8997255,0.69048184,1.6486667
Toshiki Kadomatsu (ËßíÊùæÊïèÁîü) ‚Äì 52nd Street (52nd„Çπ„Éà„É™„Éº„Éà) (1987),2,0.6689567,-0.8527169,-0.40145713
Toshiki Kadomatsu - Hatsu Koi,2,0.93700767,-0.5239346,-0.26306507
Toshiki Kadomatsu - Office Lady,0,1.0487056,0.5204067,0.38578463
Toshiki Kadomatsu - Rush Hour,0,0.8668539,0.38151348,-0.3017434
"Train - Hey, Soul Sister (Lyrics)",2,0.9295852,-0.39297712,-0.30009028
Travis Scott - 4X4 (Official Music Video),0,0.6503739,0.3543696,-0.22584021
Travis Scott - FE!N (Official Audio) ft. Playboi Carti,2,1.0117563,-0.74128765,-0.40199405
Trevor Daniel - Falling (Lyrics),0,1.132957,1.2200229,0.027957115
Trivium - In Waves [OFFICIAL VIDEO],0,2.4561248,1.4552757,-0.26113975
Trivium - Pull Harder On the Strings Of Your Martyr [OFFICIAL VIDEO],2,1.2209618,-1.3991115,0.008673454
Trivium - Throes of Perdition [OFFICIAL VIDEO],2,0.96522665,-1.3945284,-0.014602915
Tucker Wetmore - Wind Up Missin' You (Official Lyric Video),0,0.9283331,0.060558468,-0.30008084
tuki.„ÄéÊô©È§êÊ≠å„ÄèOfficial Music Video,0,0.89772767,0.093409956,-0.29142743
Turkish March Mozart - Rondo Alla Turca,1,1.0826794,0.6079957,1.6746607
Tuscan Leather,0,0.7598189,0.43372813,-0.26481798
twenty one pilots - Ride (Official Video),0,0.9483939,0.3733297,-0.78271365
twenty one pilotsÔºö Heathens (from Suicide SquadÔºö The Album) [OFFICIAL VIDEO],0,0.6137901,0.46050948,-0.38915762
TWICE „ÄåPerfect World„Äç Music Video,2,0.7798272,-0.50428903,-0.4454203
TWICE„ÄåCandy Pop„ÄçMusic Video,0,1.8450491,0.49487662,-1.334942
Tyla - PUSH 2 START (Official Music Video),0,1.1738418,0.30344597,-0.40669167
Tyla - Water (Official Music Video),0,0.9109343,0.56309843,-0.4671552
Tyler Hubbard - 5 Foot 9 (Lyrics),0,0.8712551,0.802072,-0.20847566
Ugly Andz x Prodbycpkshawn - Yo Bunny (Pop Like This Pt.2 Remix) Lyrics,0,1.4422634,1.4952995,-0.3281693
United States of America Anthem (The Star-Spangled Banner),1,1.8669026,0.4263114,0.5063208
Unkle Adams - I Am Stronger (Official Anti-Bullying Music Video),0,1.0675138,1.1664181,-0.71411043
Usher - Hey Daddy (Daddy's Home) (Lyrics),2,1.1028006,-0.84113556,-0.2021222
vamvakaris pagioumtzis ta karavotsakismata ŒíŒëŒúŒíŒëŒöŒëŒ°ŒóŒ£  ŒöŒëŒ°ŒëŒíŒüŒ§Œ£ŒëŒöŒôŒ£ŒúŒëŒ§Œë,1,1.5298578,-0.43692434,1.7662593
Vance Joy - Riptide (Lyrics),2,0.77059907,-0.36853713,-0.18124437
Vance Joy - Riptide ÔΩú Lyrics,0,0.72154546,0.44425464,-0.17890131
VaporGod - Diamondz n Roses (best part),1,1.7612133,-0.13984866,1.2029501
Verdi - Traviata,1,1.0215013,-0.43597248,1.0401003
"Verdi - Triumphal March (Marcia Trionfale) from Aida, Act II",1,1.4868104,0.46034205,0.6559144
Victory (feat. The Notorious B.I.G. & Busta Rhymes),2,0.86370164,-0.8522343,-0.18734393
Vivaldi - Four Seasons (Winter),1,1.0853883,0.7100069,1.2356673
Vivaldi - Spring,0,1.3431298,1.0183772,0.19972931
Vivaldi Summer,1,1.971372,1.7460039,1.2114722
Wagner - RIDE OF THE VALKYRIES - Furtwangler,1,1.7718726,0.029909045,0.9152946
Waiting For The End (Official Music Video) [4K Upgrade] - Linkin Park,2,0.712386,-0.39694604,-0.42547858
Waka Flocka Flame - ÔºÇHard in Da PaintÔºÇ (Official Music Video),2,1.0997934,-0.48535773,-0.6344575
Waka Flocka Flame - ÔºÇNo HandsÔºÇ (feat. Wale & Roscoe Dash) (Official Music Video),0,0.94409996,0.20760685,-0.571449
Walk The Moon - Shut Up And Dance (Lyrics),2,1.0497862,-0.848626,-0.21492235
Walker Hayes - Fancy Like (Lyrics),2,0.7265369,-0.5819397,-0.28144273
Waltz ÔºÇOver the WavesÔºÇ (Juventino Rosas) ‚ß∏ –í–∞–ª—å—Å –ù–∞–¥ –≤–æ–ª–Ω–∞–º–∏ (–•—É–≤–µ–Ω—Ç–∏–Ω–æ –†–æ—Å–∞—Å),1,1.518896,-0.022052858,1.8934038
Warriors (ft. Imagine Dragons) ÔΩú Worlds 2014 - League of Legends,2,0.77667195,-0.89687854,0.29651347
We Will Praise (feat. Born2Worship),2,0.9801731,-0.29499456,-0.49356544
What I've Done (Official Music Video) [4K Upgrade] - Linkin Park,2,0.66217154,-0.4496324,-0.2473047
When War Comes,2,0.7909922,-0.5347722,-0.3988734
Why'd you only call me when you're high - Arctic Monkeys,2,0.8053232,-0.419166,0.17732242
Witt Lowry - Into Your Arms (Lyrics) ft. Ava Max - [No Rap],0,1.3622988,0.9182993,-0.40972677
Wiz Khalifa - Hit It Once [Official Music Video],0,0.89587224,0.35813785,-0.054750785
Wiz Khalifa - See You Again ft. Charlie Puth [Official Video] Furious 7 Soundtrack,0,1.0182265,1.2247795,-0.015370509
Wiz Khalifa - Work Hard Play Hard [Music Video],0,0.70896053,0.50487924,-0.55169094
Wizkid - Piece of My Heart (Official Video) ft. Brent Faiyaz,0,0.86692077,0.84454596,-0.41611442
Wolfgang Amadeus Mozart - Piano Concerto No. 21 - Andante,1,0.9367551,0.41540486,1.6132532
Wolfgang Amadeus MozartÔºö Eine kleine Nachtmusik,1,0.8422321,0.6733371,1.346967
Woodkid - Run Boy Run (Official HD Video),2,1.0228832,-0.73170245,0.050595805
W‚ß∏X‚ß∏Y - Tani Yuuki (Official Lyric Video),2,0.4450025,-0.4165928,-0.22570547
X Japan - Art of Life [Radio Edit],2,1.6795554,-1.0233252,0.5345726
Xthes to brady G. Katsaros XŒ∏ŒµœÇ œÑŒø Œ≤œÅŒ¨Œ¥œÖ Œì. ŒöŒ±œÑœÉŒ±œÅŒøœÇ,1,1.4077795,0.008612659,2.007069
XUZZ - Mississippi (Music Video),0,0.7995137,0.59877944,-0.48840532
Yaelokre - Harpy Hare (Lyrics),2,1.0126129,-0.76181656,0.14542231
yama - Êò•„ÇíÂëä„Åí„Çã (Official Video),0,1.6972305,0.20793132,-1.3009877
Yeah Yeah Yeahs - Maps (Official Music Video),0,1.3484867,0.74853194,-0.26444206
Year 3000 - Jonas Brothers {Lyrics},2,1.6293976,-1.1007199,0.05190373
Yellow hearts by Anthony saunders (lyrics),0,1.4992645,1.664473,-0.46424472
YG Marley - Praise Jah In The Moonlight,2,0.85896593,-0.3814698,0.011255491
YOASOBI„Äå„ÅÇ„ÅÆÂ§¢„Çí„Å™„Åû„Å£„Å¶„Äç Official Music Video,2,0.9107513,-0.8284983,-0.4283529
YOASOBI„Äå„Åü„Åµ„Çô„Çì„ÄçOfficial Music  Video,0,0.8021687,0.77484995,-0.7129829
YOASOBI„Äå„Éè„É´„Ç∏„Ç™„É≥„ÄçOfficial Music Video,2,1.0480875,-0.5398465,-0.56688523
YOASOBI„Äå‰∏âÂéüËâ≤„ÄçOfficial Music Video,2,0.8807446,-0.69279873,-0.44227245
YOASOBI„ÄåÂãáËÄÖ„Äç Official Music VideoÔºèTV„Ç¢„Éã„É°„ÄéËë¨ÈÄÅ„ÅÆ„Éï„É™„Éº„É¨„É≥„Äè„Ç™„Éº„Éó„Éã„É≥„Ç∞„ÉÜ„Éº„Éû,0,1.0239565,0.26411173,-0.7095217
YOASOBI„ÄåÊÄ™Áâ©„ÄçOfficial Music Video„ÄÄ(YOASOBI - Monster),2,0.90916014,-0.549231,-0.62390816
YOASOBI„ÄåÁ•ùÁ¶è„ÄçOfficial Music Video („ÄéÊ©üÂãïÊà¶Â£´„Ç¨„É≥„ÉÄ„É† Ê∞¥Êòü„ÅÆÈ≠îÂ•≥„Äè„Ç™„Éº„Éó„Éã„É≥„Ç∞„ÉÜ„Éº„Éû),2,0.78785616,-0.62694865,-0.50269175
YOASOBI„ÄåÁæ§Èùí„ÄçOfficial Music Video,0,1.300067,0.013891781,-0.6386232
Young Jeezy - Put On (Official Music Video) ft. Kanye West,2,1.1887454,-0.5033177,-0.16546838
Yukopi - Âº∑È¢®„Ç™„Éº„É´„Éê„ÉÉ„ÇØ (feat.Ê≠åÊÑõ„É¶„Ç≠),0,0.9791676,0.45894435,-0.7764892
"Yundi Li - Chopin ÔºÇFantasieÔºÇ Impromptu, Op. 66",1,2.0771024,1.5112907,2.0740094
yung kai - blue (Lyrics),1,1.3258748,0.17640713,0.505944
yung kai - blue (Official Music Video),1,1.3439933,0.022044722,0.54453236
"Zac Efron, Zendaya - Rewrite The Stars (Lyrics ‚ß∏ Lyrics Video)",0,0.7943037,0.6965653,-0.49668464
Zach Bryan - Blue Jean Baby,0,0.8775725,0.2726786,0.2488286
Zach Bryan - Heading South (Lyrics),0,1.2436936,1.3898777,0.21365504
zach bryan - i remember everything (feat. kacey musgraves) (lyrics),0,1.0382204,0.3206905,0.15260695
Zach Bryan - I Remember Everything (feat. Kacey Musgraves),0,1.0208507,0.33470792,0.15578814
Zach Bryan - Pink Skies (Lyrics),0,0.88010204,0.79514474,-0.26900417
Zach Bryan - Something In The Orange (Lyrics),0,1.3618482,1.241952,0.51342016
Zayd- ÔºÇDeceit and DesecrateÔºÇ,2,0.87515885,-1.1956304,-0.21750484
Zekiye Y√ºrekli-Cafe Aman ƒ∞stanbul-The Mekan Concert,2,1.5266038,-1.3297297,0.47616446
[CHOREOGRAPHY] ÏßÄÎØº (Jimin) ‚ÄòWho‚Äô Dance Practice,0,1.0244434,0.50485265,-0.89403266
"[Symphonic Power Metal] Pathfinder - Beyond The Space, Beyond The Time [Symphonic Power Metal]",2,1.9288311,-2.320991,-0.06917549
ŒåŒªŒøŒπ ŒøŒπ œÅŒµŒºœÄŒ≠œÑŒµœÇ œÑŒøœÖ ŒΩœÑŒøœÖŒΩŒπŒ¨ - ŒúŒ¨œÅŒ∫ŒøœÇ ŒíŒ±ŒºŒ≤Œ±Œ∫Œ¨œÅŒ∑œÇ,1,1.2406522,-0.13727497,1.2797323
ŒåœÉŒøŒπ Œ≠œáŒøœÖŒΩŒµ œÄŒøŒªŒªŒ¨ ŒªŒµœÜœÑŒ¨ - ŒíŒ±ŒºŒ≤Œ±Œ∫Œ¨œÅŒ∑œÇ,1,1.4795375,-0.6132415,1.458833
ŒëŒ∏Œ∑ŒΩŒ¨ ŒõŒ±ŒºœÄŒØœÅŒ∑ - Œü œÄŒ±œÉŒ±œÑŒ≠ŒºœÄŒøœÇ,1,1.6588467,1.3337755,1.510584
ŒëŒ†ŒëŒìŒüŒ°ŒïŒ•ŒúŒïŒùŒë Œ°ŒïŒúŒ†ŒïŒ§ŒôŒöŒë -  ŒßŒëŒ£ŒôŒöŒõŒôŒîŒôŒöŒë  [ 8 of 8 ] - NON STOP GREEK MUSIC,2,1.0046698,-0.2814822,0.20057394
ŒëŒ†ŒëŒìŒüŒ°ŒïŒ•ŒúŒïŒùŒë Œ°ŒïŒúŒ†ŒïŒ§ŒôŒöŒë - ŒßŒëŒ£ŒôŒöŒõŒôŒîŒôŒöŒë  [ 1 of 8 ] - NON STOP GREEK MUSIC,1,1.140412,0.26807556,0.6792956
ŒëŒ†ŒëŒìŒüŒ°ŒïŒ•ŒúŒïŒùŒë Œ°ŒïŒúŒ†ŒïŒ§ŒôŒöŒë - ŒßŒëŒ£ŒôŒöŒõŒôŒîŒôŒöŒë  [ 2 of 8 ] - NON STOP GREEK MUSIC,2,1.031076,-0.29531476,0.09807559
ŒíŒ¨ŒªŒµ ŒºŒµ œÉœÑŒ∑ŒΩ Œ±Œ≥Œ∫Œ±ŒªŒπŒ¨ œÉŒøœÖ Œí. Œ†Œ±œÄŒ¨Œ∂ŒøŒ≥ŒªŒøœÖ,2,1.5776253,-0.88713694,0.66831195
ŒíŒ±Œ¥ŒØŒ∂œâ Œ∫Œ±Œπ œÄŒ±œÅŒ±ŒºŒπŒªœé Œì. Œ†Œ±œÄŒ±œäœâŒ¨ŒΩŒΩŒøœÖ,2,1.3886575,-0.6091564,0.62704706
"ŒíŒ±ŒºŒ≤Œ±Œ∫Œ¨œÅŒ∑œÇ,Œ†ŒµœÑœÅŒØŒ¥ŒøœÖ,Œ°ŒøœçŒ∫ŒøœÖŒΩŒ±œÇ - ŒîŒµŒΩ ŒºŒøœÖ ŒºŒπŒªŒ¨œÇ Œ¥ŒµŒΩ ŒºŒµ Œ∫ŒøŒπœÑŒ¨œÇ",1,1.7532711,-0.4480921,0.9414862
ŒìŒπŒ¨ŒΩŒΩŒ∑œÇ ŒúœâœÅŒ±ŒØœÑŒ∑œÇ - Œ£œåŒªŒø Œ†ŒµŒπœÅŒ±ŒπœéœÑŒπŒ∫Œø,2,1.9651595,-0.09915273,0.4205601
ŒìŒôŒëŒ§Œô Œ¶ŒüŒ•ŒúŒëŒ°Œ© ŒöŒüŒöŒëŒ™ŒùŒó Œ°ŒüŒñŒë ŒïŒ£ŒöŒïŒùŒëŒñŒ•,1,1.9529986,0.16866063,2.5042422
ŒîŒµŒΩ œÄŒ¨ŒµŒπ Œ∫Œ¨œÑœâ œÑŒø Œ∫œÅŒ±œÉŒØ,0,1.2793082,0.39040446,0.4647412
ŒîŒïŒù Œ£Œï ŒòŒïŒõŒ© Œ†ŒôŒë  ŒúŒëŒ°ŒöŒüŒ£ .mp4,1,2.023445,-0.7883809,2.3805606
ŒïœÅŒ∑ŒΩŒ¨Œ∫Œπ ( 1936 ),1,1.1364214,-0.3005006,1.2279657
ŒïœÅŒ∑ŒΩŒ¨Œ∫Œπ (ŒõŒπŒ∂Œ≠œÑŒ± ŒöŒ±ŒªŒ∑ŒºŒ≠œÅŒ∑),2,1.5352824,-1.1063119,0.2856065
ŒïœÉœÖ ŒµŒπœÉŒ±Œπ Œ∑ Œ±ŒπœÑŒπŒ± œÄŒøœÖ œÖœÄŒøœÜŒµœÅœâ - ŒúŒ±ŒΩœâŒªŒ∑œÇ ŒßŒπœâœÑŒ∑œÇ,1,1.5776694,-0.75727946,1.6354755
Œó ŒªŒπœÑŒ±ŒΩŒµŒØŒ± œÑŒøœÖ ŒºŒ¨Œ≥Œ∫Œ±  -  Œ§œÉŒπœÑœÉŒ¨ŒΩŒ∑œÇ Œí,2,1.4220412,-0.46445358,0.66671485
ŒóŒªŒØŒ±œÇ Œ†ŒµœÑœÅœåœÄŒøœÖŒªŒøœÇ - ŒàŒΩŒ±œÇ ŒöœåœÉŒºŒøœÇ Œ•œÄœåŒ≥ŒµŒπŒøœÇ (Full Documentary),0,1.3451476,1.3017247,0.60030806
ŒöŒ¨Œ∏Œµ Œ≤œÅŒ¨Œ¥œÖ œÄŒ¨ŒΩœÑŒ± ŒªœÖœÄŒ∑ŒºŒ≠ŒΩŒ∑ - ŒúŒ±œÅŒØŒ∫Œ± ŒùŒØŒΩŒøœÖ Œ§œÉŒπœÑœÉŒ¨ŒΩŒ∑œÇ (1950),1,1.6811267,-0.9072196,1.9670753
"ŒöœéœÉœÑŒ±œÇ ŒúœÄŒ≠Œ∂ŒøœÇ KOSTAS MPEZOS - Œ£œÑŒ∑ŒΩ Œ•œÄœåŒ≥Œ± STIN YPOGA (Original, 1930)",1,1.8749405,-1.0048264,2.1757922
ŒöŒ±Œ∂Œ±ŒΩœÑŒ∂ŒØŒ¥Œ∑œÇ - Œ¶ŒπŒΩŒπœÑŒø ŒªŒ± ŒºŒøœÖŒ∂ŒπŒ∫Œ±  (ŒíŒÑ ŒµŒ∫œÑŒ≠ŒªŒµœÉŒ∑),1,1.5938059,-1.1683521,1.2727065
ŒöŒ±ŒªœåŒ≥œÅŒπŒ± œÑŒøœÖ Œí. Œ†Œ±œÄŒ¨Œ∂ŒøŒ≥ŒªŒøœÖ.avi,2,1.4100015,-1.1888098,0.5935684
ŒöŒ±œÅŒ±Œ≤ŒøœÑœÉŒ±Œ∫ŒØœÉŒºŒ±œÑŒ± (ŒòœçŒºŒπŒøœÇ Œ£œÑŒøœÖœÅŒ±ŒØœÑŒ∑œÇ).avi,2,1.525816,-1.0670016,-0.23821045
"ŒöŒõŒ©Œ£Œ§ŒóŒ°ŒüŒ•, 1934, ŒúŒëŒ°ŒöŒüŒ£ ŒíŒëŒúŒíŒëŒöŒëŒ°ŒóŒ£",1,1.4259524,-0.40242058,1.1894821
ŒöœâœÉœÑŒÆœÇ ŒúŒ±œÅŒ±Œ≤Œ≠Œ≥ŒπŒ±œÇ - Œ†Œ±œÅœÑŒØŒ¥ŒµœÇ (ŒíœÅŒµ ŒºŒ¨Œ≥Œ∫Œ± œÑŒø œÄŒ±œÅŒ¨Œ∫Œ±ŒΩŒµœÇ) @ Œ£œÑŒ∑ŒΩ œÖŒ≥ŒµŒπŒ¨ ŒºŒ±œÇ,1,1.1409144,-0.2783348,0.76775897
ŒöŒ©Œ£Œ§ŒëŒ£ Œ°ŒüŒ•ŒöŒüŒ•ŒùŒëŒ£( Œ£ŒëŒúŒôŒ©Œ§ŒëŒöŒô )  - ''Œ†ŒôŒöŒôŒùŒôŒüŒ£'',1,1.5792873,-0.67321783,1.7801768
ŒõŒ±ŒºœÄŒØœÅŒ∑-ŒïŒªŒπœÉœÉŒ±ŒØŒøœÇ œÉœÑŒø Œ§œÅŒπŒ±ŒΩœÑŒ¨œÜœÖŒªŒªŒø œÑŒ∑œÇ ŒùŒøœÉœÑŒπŒºŒπŒ¨œÇ,1,1.0467718,-0.085685804,1.0413852
ŒúŒ¨Œ≥Œ∫ŒπŒ∫Œø.wmv,1,1.3104963,0.12763157,2.1125977
ŒúŒ± ŒåœÄŒøŒπŒø ŒîœÅœåŒºŒø ŒöŒ±Œπ ŒëŒΩ Œ†ŒÆœÅŒ±,1,1.2856051,0.89487386,0.7803924
ŒúŒ±ŒΩœéŒªŒ∑œÇ Œ†Œ¨œÄœÄŒøœÇ - manolis pappos- ŒõŒ±œÉœÄœâŒºŒ≠ŒΩŒ± œåŒΩŒµŒπœÅŒ±,1,2.694922,-1.6338125,2.3777664
ŒúŒ∑ ŒºŒøœÖ ŒªŒµœÇ Œ≥ŒπŒ±œÑŒØ ŒæŒµœáŒΩŒ¨œâ - Œ†Œ±œÄŒ±œäœâŒ¨ŒΩŒΩŒøœÖ & ŒùœÑŒ¨ŒªŒªŒπŒ± 1954 (USA),2,1.005327,-0.7868234,0.31008995
ŒúŒπŒ± œåŒºŒøœÅœÜŒ∑ ŒºŒµŒªŒ±œáœÅŒπŒΩŒÆ - ŒíŒ±ŒºŒ≤Œ±Œ∫Œ¨œÅŒ∑œÇ,2,1.6983726,-1.2730454,0.45334843
"ŒúŒπŒ∫œÅŒøœÄŒ±ŒΩœÑœÅŒµŒºŒ≠ŒΩŒ∑ 1929 - œÄŒ¨ŒΩŒøœÇ Œ§ŒøœçŒΩœÑŒ±œÇ, ŒíŒ±Œ≥Œ≥Œ≠ŒªŒ∑œÇ Œ£œâœÜœÅŒøŒΩŒØŒøœÖ",1,1.810804,0.2470623,2.4704304
"ŒúŒπœáŒ¨ŒªŒ∑œÇ Œ†Œ±œÑœÅŒπŒΩœåœÇ - MIKE PATRINOS ŒúŒøœÖœÉŒøœÖœÅŒªŒøœç ‚ß∏ MISIRLOU (Original, 1930)",1,1.5326481,0.18943954,1.9502022
ŒúœÄŒπœÅ ŒëŒªŒªŒ¨œá (Œ£Œ±ŒΩ Œ≤Œ≥Œ±ŒØŒΩŒµŒπ Œø œáœåœÑŒ∂Œ±œÇ œÉœÑŒø œÑŒ∂Œ±ŒºŒØ),1,1.2311808,0.123446286,1.9828111
Œü ŒÜŒ≥ŒπŒøœÇ ŒúŒ¨ŒºŒºŒ±œÇ  ( Œ£Œ±ŒΩ œáœÅŒπœÉœÑŒπŒ±ŒΩœåœÇ Œ∫Œπ ŒøœÅŒ∏œåŒ¥ŒøŒæŒøœÇ ),2,1.5609897,-0.75315714,0.5884026
Œø œÄŒ±œÄŒ±œÑŒ∂ŒÆœÇ ( 1934 ),2,1.7353858,-0.9392884,0.6410452
Œü œÑŒµŒ∫ŒµœÑŒ∂ŒÆœÇ ( 1933 ),2,1.8913131,-1.4353722,1.0248649
ŒüŒ•ŒñŒü ŒúŒüŒ°Œ¶ŒôŒùŒó & ŒßŒëŒ£ŒôŒ£.wmv,1,1.6177691,-0.3161349,1.9415646
Œ†œåŒªœÖ Œ†Œ¨ŒΩŒøœÖ - Œ¶Œ≠œÅœÑŒµ ŒºŒπŒ± Œ∫ŒøœçœÄŒ± ŒºŒµ Œ∫œÅŒ±œÉŒØ,0,1.3250195,0.0976746,0.1916881
Œ†Œ±œÅŒ±ŒºŒ¨ŒΩŒ± Œ∫ŒøœçŒΩŒ± Œ∫ŒøœçŒΩŒ±.Œ£Œ§ŒëŒ•Œ°ŒüŒ£ ŒëŒíŒ°ŒëŒúŒüŒìŒõŒüŒ• wmv,1,1.2608364,-0.22561093,0.7888097
Œ†ŒëŒ°ŒëŒ†ŒüŒùŒôŒüŒ•ŒùŒ§ŒëŒô ŒüŒô ŒúŒëŒìŒöŒïŒ£ ŒëŒùŒ§Œ©ŒùŒóŒ£ ŒöŒëŒõŒ•ŒíŒüŒ†ŒüŒ•ŒõŒüŒ£,1,1.8218164,-0.6160519,2.407601
Œ†ŒµŒπœÅŒ±ŒπœéœÑŒπŒ∫ŒøœÇ ŒúŒ±ŒΩŒ≠œÇ  Œ°ŒøœçŒ∫ŒøœÖŒΩŒ±œÇ ŒöœéœÉœÑŒ±œÇ,1,1.2100132,0.64368814,1.7259113
Œ†ŒüŒõŒ• Œ†ŒëŒùŒüŒ• -  ÔºÇ ŒëŒ•Œ§Œü ŒïŒôŒùŒëŒô Œ§Œü ŒõŒëŒòŒüŒ£ Œ§Œü ŒíŒëŒ°Œ• ...Œ†ŒüŒ•,1,1.7706053,1.0658923,0.7488185
Œ†ŒüŒ• 'Œ£ŒüŒ•Œù ŒúŒëŒìŒöŒë Œ§Œü ŒßŒïŒôŒúŒ©ŒùŒë - ŒìŒôŒ©Œ°ŒìŒüŒ£ ŒúŒüŒ•Œ¶ŒõŒüŒ•ŒñŒïŒõŒóŒ£,1,1.3159494,0.39693645,0.55108136
Œ†œÅŒØŒΩ œÑŒø œáŒ¨œÅŒ±ŒºŒ± Œì. Œ†Œ±œÄŒ±œäœâŒ¨ŒΩŒΩŒøœÖ,2,1.4993768,-0.70093465,0.74105704
Œ†œÅœåŒ¥œÅŒøŒºŒøœÇ Œ§œÉŒ±ŒøœÖœÉŒ¨Œ∫Œ∑œÇ ŒúŒπŒ± œÉœÑŒµŒΩŒøœáœéœÅŒπŒ±,1,1.5176116,-0.3433003,1.795032
Œ†Œ°ŒïŒñŒë ŒüŒ§ŒëŒù Œ†ŒôŒïŒôŒ£ . Œ°ŒüŒñŒë  ŒïŒ£ŒöŒïŒùŒëŒñŒ•.preza  roza◊î,1,1.3128344,0.6534544,1.954567
Œ°œåŒ∂Œ± ŒïœÉŒ∫ŒµŒΩŒ¨Œ∂œÖ - ŒüœçŒ∂Œø Œ∫Œ±Œπ œáŒ±œÉŒØœÇ,1,1.6783272,-0.70471865,1.6732965
Œ°ŒµŒºœÄŒ≠œÑŒπŒ∫Œø - Œ£œÑŒ∑œÇ œÄŒØŒ∫œÅŒ±œÇ œÑŒ± ŒæŒµœÅŒøŒΩŒÆœÉŒπŒ±,2,1.2838366,-0.16745707,0.5263588
Œ£Œ±ŒΩ ŒºŒ±Œ≥ŒµŒºŒ≠ŒΩŒø œÑŒø ŒºœÖŒ±Œªœå ŒºŒøœÖ (ŒüœÅœáŒ∑œÉœÑœÅŒπŒ∫œå) - Like my mind is enchanted (Instrumental),1,0.87721586,-0.110627644,1.4202738
Œ§Œ± ŒºŒ±œÑœåŒ∫ŒªŒ±Œ¥Œ± œÉŒøœÖ ŒªŒ¨ŒºœÄŒøœÖŒΩ- ŒúŒ¨œÅŒ∫ŒøœÇ ŒíŒ±ŒºŒ≤Œ±Œ∫Œ¨œÅŒ∑œÇ,0,1.6851615,0.45102084,0.441311
"Œ§ŒëŒûŒôŒúŒô ŒëŒòŒóŒùŒëŒ™ŒöŒü ŒöŒëŒô ŒñŒïŒ™ŒúŒ†ŒïŒöŒôŒöŒü, 1936, ŒìŒôŒ©Œ°ŒìŒüŒ£ ŒúŒ†ŒëŒ§ŒóŒ£, ŒëŒùŒïŒ£Œ§ŒóŒ£ ŒîŒïŒõŒôŒëŒ£",1,1.7944164,0.10158902,2.1906722
Œ§Œø ŒºŒπŒΩœåœÅŒµ œÑŒøœÖ œÑŒµŒ∫Œ≠ (ŒßŒ±ŒªŒ∫ŒπŒ¨œÇ ŒôœâŒ±ŒΩŒΩŒ∑œÇ).wmv,1,1.2620258,0.39089456,1.8168664
Œ§Œø ŒºŒπŒΩŒøœÅŒµ œÑŒøœÖ œÑŒµŒ∫Œµ - ŒôœâŒ±ŒΩŒΩŒ∑œÇ ŒßŒ±ŒªŒ∫ŒπŒ±œÇ,1,1.2068644,-0.2903293,1.7808342
Œ§Œü Œ†ŒëŒôŒîŒô Œ§ŒüŒ• ŒîŒ°ŒüŒúŒüŒ•   ŒúŒóŒ§Œ£ŒëŒöŒóŒ£ - Œ§ŒëŒ§ŒëŒ£ŒüŒ†ŒüŒ•ŒõŒüŒ£,1,0.9156191,-0.41024637,1.053764
"Œ¶ŒïŒ°Œ§Œï Œ†Œ°ŒïŒñŒë ŒùŒë Œ†Œ°ŒïŒñŒëŒ°Œ©, 1934, Œ°ŒôŒ§Œë ŒëŒúŒ†ŒëŒ§ŒñŒó",1,1.0271103,0.25342524,1.0675402
Œ¶œÖŒªŒ±Œ∫ŒπœÉŒºŒ≠ŒΩŒ∑,1,0.95811516,-0.40656567,1.4120153
ŒßŒ∏ŒµœÇ œÑŒø Œ≤œÅŒ¨Œ¥œÖ œÉœÑŒø œÉŒ∫ŒøœÑŒ¨Œ¥Œπ - ŒúŒ¨œÅŒ∫ŒøœÇ ŒíŒ±ŒºŒ≤Œ±Œ∫Œ¨œÅŒ∑œÇ 1935,1,1.4924097,-0.25547746,1.610415
ŒßŒπœéœÑŒ∑œÇ-Œ†ŒµœÅœÄŒπŒΩŒπŒ¨Œ¥Œ∑œÇ-Œü œÄŒ±œÉŒ±œÑŒ≠ŒºœÄŒøœÇ,1,2.145745,-0.08131344,2.4143925
"ŒßŒôŒ©Œ§ŒóŒ£-Œü Œ†ŒëŒ£ŒëŒ§ŒïŒúŒ†ŒüŒ£-Œ£Œ§,Œ†ŒïŒ°Œ†ŒôŒùŒôŒëŒîŒóŒ£",1,2.2118068,-0.10593463,2.3751216
Œ®Œ∑ŒªŒ¨ œÑŒ∑ŒΩ œáœÑŒØŒ∂ŒµŒπœÇ œÑŒ∑ŒΩ œÜœâŒªŒπŒ¨ (original) ŒíŒ±ŒºŒ≤Œ±Œ∫Œ¨œÅŒ∑œÇ ŒúŒ¨œÅŒ∫ŒøœÇ,1,1.9562763,0.2110341,2.084096
‚Äãblackbear - hot girl bummer (Lyrics),0,0.96131223,0.21817113,-0.4329137
„ÄåÊÆãÈÖ∑„Å™Â§©‰Ωø„ÅÆ„ÉÜ„Éº„Çº„ÄçMUSIC VIDEOÔºàHDver.Ôºâ‚ß∏Zankoku na Tenshi no Te-ze‚ÄúThe Cruel Angel's Thesis‚Äù,2,0.9682254,-0.65925926,-0.5235463
„ÄåÊµ∑„ÅÆÂ£∞„Äç „Éï„É´ver. ‚ß∏ Êµ¶Â≥∂Â§™ÈÉéÔºàÊ°êË∞∑ÂÅ•Â§™Ôºâ „ÄêÂÖ¨Âºè„Äë,2,0.96163905,-1.1912109,-0.15181264
„ÄåÁúüÂ§ú‰∏≠„ÅÆ„Éâ„Ç¢„Äústay with me„Äç‚ß∏ ÊùæÂéü„Åø„Åç Official Lyric Video,2,1.2571092,-0.1226735,-0.50333446
„ÄêAdo„Äë Âî±,2,1.0802163,-1.0274546,-0.49020866
„ÄêAdo„Äë„Ç¶„Çø„Ç´„Çø„É©„É©„Éê„Ç§Ôºà„Ç¶„Çø from ONE PIECE FILM REDÔºâ,0,1.5551932,0.89163053,-0.8171397
„ÄêAdo„Äë„ÇÆ„É©„ÇÆ„É©,2,1.0176914,-0.11541541,-0.5170811
„ÄêAdo„Äë„É¨„Éá„Ç£„É°„Ç§„Éâ,2,0.8576986,-0.8403456,-0.43789062
„ÄêAdo„ÄëÊñ∞ÊôÇ‰ª£ („Ç¶„Çø from ONE PIECE FILM RED),0,1.2198031,0.042198356,-0.46596977
„ÄêAdo„ÄëÁßÅ„ÅØÊúÄÂº∑ („Ç¶„Çø from ONE PIECE FILM RED),2,1.2450786,-0.17968838,-0.38729563
„ÄêAdo„ÄëÈÄÜÂÖâÔºà„Ç¶„Çø from ONE PIECE FILM REDÔºâ,2,1.3893045,-0.099847354,-0.6743665
„ÄêAdo„ÄëÈòø‰øÆÁæÖ„Å°„ÇÉ„Çì,2,0.71698004,-0.42371,-0.39428425
„ÄêGUMI„ÄëKING„ÄêKanaria„Äë,2,1.6999553,-0.9468907,-0.9359251
„Äêimase„ÄëNIGHT DANCERÔºàMVÔºâ,0,0.7140242,0.5381465,-0.17049086
„ÄêMV full„Äë „Éï„É©„Ç§„É≥„Ç∞„Ç≤„ÉÉ„Éà Ôºà„ÉÄ„É≥„Ç∑„É≥„Ç∞„Éê„Éº„Ç∏„Éß„É≥Ôºâ ‚ß∏ AKB48 [ÂÖ¨Âºè],2,1.7722231,-1.0803946,-0.8777794
„ÄêMV full„Äë „Éò„Éì„Éº„É≠„Éº„ÉÜ„Éº„Ç∑„Éß„É≥ ‚ß∏ AKB48 [ÂÖ¨Âºè],2,1.708548,-0.83803546,-0.40805396
„ÄêMV full„Äë ÊÅã„Åô„Çã„Éï„Ç©„Éº„ÉÅ„É•„É≥„ÇØ„ÉÉ„Ç≠„Éº ‚ß∏ AKB48[ÂÖ¨Âºè],2,1.0293602,-0.90068465,-0.21213059
„ÄêMV„Äë„Ç∑„É´„Éª„É¥„Éª„Éó„É¨„Ç∏„Éá„É≥„ÉàÔºèP‰∏∏Êßò„ÄÇ„ÄêÂ§ßÁµ±È†ò„Å´„Å™„Å£„Åü„Çâ„Å≠ÔºÅ„Äë,2,1.4549023,-0.75094694,-0.98716426
„ÄêOfficial„ÄëUru „Äé„ÅÇ„Å™„Åü„Åå„ÅÑ„Çã„Åì„Å®„Åß„ÄèTBSÁ≥ª Êó•ÊõúÂäáÂ†¥„Äå„ÉÜ„Çª„Ç¶„Çπ„ÅÆËàπ„Äç‰∏ªÈ°åÊ≠å,0,1.6969218,1.7234176,-0.5640957
„Äê„Ç™„É™„Ç∏„Éä„É´Ê•ΩÊõ≤„ÄëÁ≤õËÅñ!! „É≠„É™Á•û„É¨„ÇØ„Ç§„Ç®„É†‚òÜ ‚ß∏ „Åó„Åê„Çå„ÅÜ„ÅÑÔºà9„Åï„ÅÑÔºâ„ÄêIOSYSÔºà„Åæ„Çç„Çì&D.wattÔºâ„Äë,2,1.2433889,-0.5933491,-0.74187666
„ÄêÂÖ¨Âºè„ÄëÊßáÂéüÊï¨‰πã„Äå„ÇÇ„ÅÜÊÅã„Å™„Çì„Å¶„Åó„Å™„ÅÑ„Äç(MV)„Äê5th„Ç∑„É≥„Ç∞„É´„Äë (1992Âπ¥) Noriyuki Makihara‚ß∏Mo Koinante Shinai,2,0.68842727,-0.6055067,0.08596972
„ÄêÊÑüÊÉÖ„ÇíËæº„ÇÅ„Å¶„Äë„Éè„É¨„Éè„É¨„É§ Ê≠å„Å£„Å¶„Åø„Åü ver.Sou,0,1.3196064,0.58598614,-0.65600556
„ÅÇ„ÅÑ„Åø„Çá„Çì - „Éû„É™„Éº„Ç¥„Éº„É´„Éâ„ÄêOFFICIAL MUSIC VIDEO„Äë,0,1.4917884,0.05404606,-0.84084404
„ÅÇ„ÅÑ„Åø„Çá„Çì - Âêõ„ÅØ„É≠„ÉÉ„ÇØ„ÇíËÅ¥„Åã„Å™„ÅÑ „ÄêOFFICIAL MUSIC VIDEO„Äë,0,1.751364,0.25594282,-1.1333492
„ÅÇ„ÅÑ„Åø„Çá„Çì - ÊÑõ„Çí‰ºù„Åà„Åü„ÅÑ„Å†„Å®„Åã „ÄêOFFICIAL MUSIC VIDEO„Äë,0,0.7420268,0.26129484,-0.21839635
„ÅÇ„ÅÑ„Åø„Çá„Çì - Ë£∏„ÅÆÂøÉ„ÄêOFFICIAL MUSIC VIDEO„Äë,0,1.2829155,1.0451831,-0.13937455
„ÅÇ„ÅÑ„Åø„Çá„Çì ‚Äì „Éè„É´„Éé„Éí„ÄêOFFICIAL MUSIC VIDEO„Äë,0,1.3492337,0.06526906,-0.6829133
„ÅÑ„ÅÆ„Å°„ÅÆÈ£ü„ÅπÊñπ - Eve MV,0,0.894262,0.42552984,-0.6006266
„ÅäÊ∞ó„Å´Âè¨„Åô„Åæ„Åæ - Eve MV,2,1.4687623,-0.82643706,-0.69524026
"„Åç„ÇÉ„Çä„Éº„Å±„Åø„ÇÖ„Å±„Åø„ÇÖ - PONPONPON , Kyary Pamyu Pamyu - PONPONPON",2,1.4846101,-0.22875471,-0.43508056
„Åö„Å£„Å®ÁúüÂ§ú‰∏≠„Åß„ÅÑ„ÅÑ„ÅÆ„Å´„ÄÇ„ÄéÁßíÈáù„ÇíÂôõ„ÇÄ„ÄèMV (ZUTOMAYO ‚Äì Byoushinwo Kamu),2,1.2901638,-0.21485448,-0.604863
„Å™„Å®„Çä - Overdose,2,0.931089,-0.2464096,-0.43902767
„Å™„Å´„ÇèÁî∑Â≠ê - ÂàùÂøÉLOVEÔºà„ÅÜ„Å∂„Çâ„Å∂Ôºâ[Official Music Video] YouTube ver.,2,0.92747337,-0.4000166,-0.6699543
„Ç¢„É≥„Ç∏„Çß„É©„Ç¢‚ß∏ÊâãÁ¥ôÔΩûÊãùÂïì„ÄÄÂçÅ‰∫î„ÅÆÂêõ„Å∏ÔΩûÔºàÊ≠åË©û‰ªò„ÅçÔºâ,0,0.99076027,0.22270516,-0.15498668
„Ç¶„Ç©„É´„Éî„Çπ„Ç´„Éº„Çø„Éº MV „ÄéÊ≥•‰∏≠„Å´Âí≤„Åè„Äè,2,1.1440771,-0.069030106,-0.25764924
„Ç±„ÉÑ„É°„Ç§„Ç∑„ÄåÂèã„Çà „Äú „Åì„ÅÆÂÖà„ÇÇ„Åö„Å£„Å®‚Ä¶„Äç,0,1.0839977,0.0057004676,-0.6122099
„Ç±„ÉÑ„É°„Ç§„Ç∑„Äé„Éê„É©„Éº„Éâ„Äè,2,0.6159346,-0.39610752,0.043946806
„Ç≥„Éñ„ÇØ„É≠ - Ëïæ,0,1.1828302,0.17381208,-0.63855875
„Çµ„Ç´„Éä„ÇØ„Ç∑„Éß„É≥ ‚ß∏ Êñ∞ÂÆùÂ≥∂„ÄÄ-Music Video-,2,0.8692278,-0.30618787,-0.45319548
„Çπ„Ç≠„Éû„Çπ„Ç§„ÉÉ„ÉÅ - „ÄåÂÖ®ÂäõÂ∞ëÂπ¥„ÄçMusic Video Ôºö SUKIMASWITCH ‚ß∏ ZENRYOKU SHOUNEN Music Video,2,0.7918171,-0.9090402,-0.009391625
„Çπ„Ç≠„Éû„Çπ„Ç§„ÉÉ„ÉÅ - „ÄåÂ•èÔºà„Åã„Å™„ÅßÔºâ„ÄçMusic Video Ôºö SUKIMASWITCH ‚ß∏ KANADE Music Video,2,1.088344,-0.09555457,-0.07587038
„Çπ„Éî„ÉÉ„ÉÑ ‚ß∏ Á©∫„ÇÇÈ£õ„Åπ„Çã„ÅØ„Åö,2,0.8550212,-0.33654878,-0.21334673
„ÉÅ„É•„Éº„É™„É≥„Ç∞„É©„Éñ feat.Sou ‚ß∏ „Éä„Éä„É≤„Ç¢„Ç´„É™,2,0.93858707,-1.1542063,-0.2427912
„Éâ„É©„Éû„ÉÑ„É´„ÇÆ„Éº - Eve  MV,2,1.0492015,-0.50420123,-0.65460294
„Éí„Ç∞„ÉÅ„Ç¢„Ç§ ‚ß∏ ÊÇ™È≠î„ÅÆÂ≠ê„ÄêOfficial Video„ÄëÔΩúAi HiguchiÔºÇAkuma no Ko‚ÄùAttack on Titan The Final Season Part 2 ED theme,0,0.9560044,0.6681083,-0.3910979
„Éï„É¨„Éá„É™„ÉÉ„ÇØ„Äå„Ç™„Éâ„É´„Éº„Éó„ÄçMusic Video ÔΩú Frederic ÔºÇoddloopÔºÇ,2,0.8906156,-0.48941544,-0.4115811
„É®„É´„Ç∑„Ç´ - „Åü„Å†Âêõ„Å´Êô¥„Çå (MUSIC VIDEO),2,1.1304115,-0.4478056,-0.7791449
„É®„É´„Ç∑„Ç´ - „Å†„Åã„ÇâÂÉï„ÅØÈü≥Ê•Ω„ÇíËæû„ÇÅ„Åü (Music Video),2,0.56693053,-0.58102447,0.005524556
„É®„É´„Ç∑„Ç´ - Êò•Ê≥•Ê£íÔºàOFFICIAL VIDEOÔºâ,0,1.1836116,0.9836335,-0.11658008
„É®„É´„Ç∑„Ç´ - Ëä±„Å´‰∫°ÈúäÔºàOFFICIAL VIDEOÔºâ,0,1.0910369,1.000763,-0.27528894
„É≠„ÇØ„Éá„Éä„Ç∑„Äå„Åü„Å†Â£∞‰∏Ä„Å§„Äç‚ß∏ Rokudenashi - One Voice„ÄêOfficial Music Video„Äë,0,1.0053681,0.68980986,-0.24420929
‰∏â‰ª£ÁõÆ J SOUL BROTHERS from EXILE TRIBE ‚ß∏ „ÄåR.Y.U.S.E.I.„ÄçMusic Video,2,1.4286659,-1.0180131,-0.82538176
‰∏çÂèØÂπ∏Âäõ ‚ß∏ Vaundy ÔºöMUSIC VIDEO,2,0.66728604,-0.14178085,-0.26459292
‰∏ñÁïå„ÅØÊÅã„Å´ËêΩ„Å°„Å¶„ÅÑ„ÇãÔºèCHiCO with HoneyWorks,0,1.1204358,-0.053836662,-0.6456946
‰∫úËò≠Áü•Â≠ê„ÄÄÊµÆÈÅäÁ©∫Èñì„ÄÄMidnight Pretenders,0,1.0055786,0.32581457,-0.3761025
ÂÑ™Èáå„Äé„Éâ„É©„Ç§„Éï„É©„ÉØ„Éº„ÄèOfficial Music Video -„Éá„Ç£„É¨„ÇØ„Çø„Éº„Ç∫„Ç´„ÉÉ„Éàver.-,0,0.92961895,0.15770437,-0.13552554
ÂèØÊÑõ„Åè„Å¶„Åî„ÇÅ„Çì feat. „Å°„ÇÖ„Éº„Åü„ÇìÔºàCVÔºöÊó©Ë¶ãÊ≤ôÁπîÔºâÔºèHoneyWorks,2,0.5531447,-0.50481755,-0.33520207
Â•Ω„Åç„Åü„Çô„Åã„Çâ„ÄÇÔºàfeat.„Çå„ÇìÔºâ‚ß∏ „Äé„É¶„Ç§„Ç´„Äè„ÄêMV„Äë,0,0.65900147,0.41704857,-0.17995849
ÂÆáÂ§öÁî∞„Éí„Ç´„É´ - First Love,0,1.0002224,0.6444403,0.016853552
ÂÆáÂ§öÁî∞„Éí„Ç´„É´„ÄéOne Last Kiss„Äè,0,1.0505517,1.1581634,-0.057516463
Â∑ùÂ¥éÈ∑π‰πü-È≠îÊ≥ï„ÅÆÁµ®ÊØØ„ÄêOFFICIAL MUSIC VIDEO„Äë,2,1.0212919,-0.2632048,-0.45795712
ÂªªÂªªÂ•áË≠ö - Eve MV,2,1.2263799,-0.5718286,-0.87664807
ÊÄ™Áç£„ÅÆËä±ÂîÑ ‚ß∏ Vaundy Ôºö MUSIC VIDEO,2,1.1390349,-1.1985273,-0.23108722
ÊòüÈáéÊ∫ê ‚Äì ÊÅã (Official Video),2,1.047557,-0.09084819,-0.17758265
Êò•„ÇíÂëä„Åí„Çã,0,1.6872787,0.20345393,-1.3248519
ÊùèÈáå Anri - Good Bye Boogie Dance,2,1.1509775,-0.2929987,-0.119682685
Êù±‰∫¨„Éï„É©„ÉÉ„Ç∑„É• ‚ß∏ Vaundy ÔºöMUSIC VIDEO,0,0.7616785,0.048868015,-0.38268584
ÁúüÂ§ú‰∏≠„ÅÆ„Ç∏„Éß„Éº„ÇØ - ÈñìÂÆÆË≤¥Â≠ê(Takako Mamiya),0,0.9017984,0.26418212,0.4323437
Á•ûÂ±±Áæä - YELLOW„ÄêMusic Video„Äë‚ß∏ Yoh Kamiyama - YELLOW,0,0.82961917,0.45706385,-0.82371545
Á±≥Ê¥•ÁéÑÂ∏´  - Flamingo ‚ß∏ Kenshi Yonezu,0,1.159349,1.3264695,-0.6142412
"Á±≥Ê¥•ÁéÑÂ∏´  - orion , Kenshi Yonezu",0,0.8913292,0.054851156,-0.39809737
"Á±≥Ê¥•ÁéÑÂ∏´  - „Ç¢„Ç§„Éç„ÇØ„É©„Ç§„Éç , Kenshi Yonezu - Eine Kleine",2,0.81083477,-0.46007973,0.09446427
"Á±≥Ê¥•ÁéÑÂ∏´  - ÁÅ∞Ëâ≤„Å®ÈùíÔºà ÔºãËèÖÁî∞Â∞ÜÊöâ Ôºâ,  Kenshi Yonezu - HaiirotoaoÔºà+Masaki Suda)",0,0.90802044,0.45594186,-0.29086775
Á±≥Ê¥•ÁéÑÂ∏´  - È¶¨„Å®Èπø   Kenshi Yonezu - Uma to Shika,0,0.99165154,0.49285412,-0.23343247
Á±≥Ê¥•ÁéÑÂ∏´  Kenshi Yonezu  - Lemon,0,1.2687062,0.6218461,-0.24972583
"Á±≥Ê¥•ÁéÑÂ∏´ - LOSER , Kenshi Yonezu",2,0.5380433,-0.77638984,-0.32793835
Á±≥Ê¥•ÁéÑÂ∏´ - ÊÑüÈõª   Kenshi Yonezu - KANDEN,0,0.9165443,0.2777184,-0.39576584
Á±≥Ê¥•ÁéÑÂ∏´ - Êµ∑„ÅÆÂπΩÈúä  Kenshi Yonezu - Spirits of the Sea,0,1.3456751,1.2588453,0.3802264
Á±≥Ê¥•ÁéÑÂ∏´ Kenshi Yonezu - KICKBACK,2,1.1006536,-0.25350168,-0.43590155
Á∑ëÈªÑËâ≤Á§æ‰ºö „ÄéMela!„ÄèMusic Video ‚ß∏ Ryokuoushoku Shakai ‚Äì Mela!,2,1.0238827,-0.39753547,-0.55580735
ÁæéÊ≥¢„Äå„Ç´„ÉØ„Ç≠„É≤„Ç¢„É°„ÇØ„ÄçMV,2,0.6038191,-0.46260965,-0.22023949
ËèÖÁî∞Â∞ÜÊöâ „Äé„Åï„Çà„Å™„Çâ„Ç®„É¨„Ç∏„Éº„Äè,2,1.4800668,-0.106924325,-0.5975935
ËèÖÁî∞Â∞ÜÊöâ „Äé„Åæ„Å°„Åå„ÅÑ„Åï„Åå„Åó„Äè,0,1.2296828,0.5632762,-0.24460334
ËèÖÁî∞Â∞ÜÊöâ „ÄéËôπ„Äè,0,1.1922246,0.72508544,-0.2253563
Èõ™„ÅÆËèØ - ‰∏≠Â≥∂ÁæéÂòâÔºà„Éï„É´Ôºâ,0,0.94919944,0.5764015,-0.0077844043
Èùí„ÅÆ„Åô„Åø„Åã ‚ß∏ „Ç≠„Çø„Éã„Çø„ÉÑ„É§ - Where Our Blue Is ‚ß∏ Tatsuya Kitani,0,0.9350231,0.003077672,-0.42324442
È¶ôÊ∞¥  ‚ß∏  Áëõ‰∫∫ (Official Music Video),0,1.0566838,0.8657279,0.32406428
ÈªÑÊòè„ÅÆBay City,2,0.8308058,-0.19198202,-0.042644404
Ï†ïÍµ≠ (Jung Kook) '3D (feat. Jack Harlow)' Official MV,0,1.1561676,0.72136223,-1.0560937
ÔºÇDance of the Sugar Plum FairyÔºÇ on the Glass Armonica,1,3.3468356,2.7518022,1.1093582
ÔºÇHoe DownÔºÇ from rodeo,1,1.3814512,-0.25836408,1.4042599
ÔºÇmoney money green greenÔºÇ Kaytoven - MONEY! (Lyrics) Good Loyal Thots Remix,2,1.0891681,-1.1156982,-0.035738487
ÔºäNSYNC - Bye Bye Bye (Lyrics) (Deadpool 3 Soundtrack),2,0.558614,-0.3838299,-0.2957921
