title,artist,filename
Dark Horse,Katy Perry,Katy Perry - Dark Horse.mp3
"Nuthin' But A ""G"" Thang",Dr. Dre,Dr. Dre - Nuthin' But A _G_ Thang.mp3
Fight The Power,Public Enemy,Public Enemy - Fight The Power.mp3
The Message,Nas,Nas - The Message.mp3
C.R.E.A.M. (Cash Rules Everything Around Me),Wu-Tang Clan,Wu-Tang Clan - C.R.E.A.M. (Cash Rules Everything Around Me).mp3
Lose Yourself,Eminem,Eminem - Lose Yourself.mp3
California Love (Original Version),2Pac,2Pac - California Love (Original Version).mp3
"Shook Ones, Pt. III",Mobb Deep,"Mobb Deep - Shook Ones, Pt. III.mp3"
Straight Outta Compton,N.W.A,N.W.A - Straight Outta Compton.mp3
Dear Mama,2Pac,2Pac - Dear Mama.mp3
Hypnotize,System of A Down,System of A Down - Hypnotize.mp3
It Was A Good Day,Ice Cube,Ice Cube - It Was A Good Day.mp3
Stand Up,Ludacris,Ludacris - Stand Up.mp3
Hard Knock Life (Ghetto Anthem),JAY-Z,JAY-Z - Hard Knock Life (Ghetto Anthem).mp3
Ms. Jackson,OutKast,OutKast - Ms. Jackson.mp3
Big Pimpin',JAY-Z,JAY-Z - Big Pimpin'.mp3
Alright,Supergrass,Supergrass - Alright.mp3
Gin & Juice,Snoop Dogg,Snoop Dogg - Gin & Juice.mp3
Mind Playing Tricks on Me,Geto Boys,Geto Boys - Mind Playing Tricks on Me.mp3
N.Y. State of Mind,Nas,Nas - N.Y. State of Mind.mp3
In Da Club,50 Cent,50 Cent - In Da Club.mp3
Still D.R.E.,Dr. Dre,Dr. Dre - Still D.R.E..mp3
The World Is Yours,Arch Enemy,Arch Enemy - The World Is Yours.mp3
99 Problems,JAY-Z,JAY-Z - 99 Problems.mp3
The Breaks,Kurtis Blow,Kurtis Blow - The Breaks.mp3
Rapper's Delight,The Sugarhill Gang,The Sugarhill Gang - Rapper's Delight.mp3
I Used to Love H.E.R.,Common,Common - I Used to Love H.E.R..mp3
The Real Slim Shady,Eminem,Eminem - The Real Slim Shady.mp3
HUMBLE.,Kendrick Lamar,Kendrick Lamar - HUMBLE..mp3
Through The Wire,Kanye West,Kanye West - Through The Wire.mp3
Check the Rhime,A Tribe Called Quest,A Tribe Called Quest - Check the Rhime.mp3
The Way I Am,Eminem,Eminem - The Way I Am.mp3
Dead Presidents II,JAY-Z,JAY-Z - Dead Presidents II.mp3
They Reminisce Over You (T.R.O.Y.),Pete Rock & C.L. Smooth,Pete Rock & C.L. Smooth - They Reminisce Over You (T.R.O.Y.).mp3
My Name Is,Eminem,Eminem - My Name Is.mp3
One Mic Performance,Flocky Kayy,Flocky Kayy - One Mic Performance.mp3
Can't Tell Me Nothing,Kanye West,Kanye West - Can't Tell Me Nothing.mp3
What's Beef,JoeyAK,JoeyAK - What's Beef.mp3
Mo Money Mo Problems (feat. Puff Daddy & Mase) (2014 Remaster),The Notorious B.I.G.,The Notorious B.I.G. - Mo Money Mo Problems (feat. Puff Daddy & Mase) (2014 Remaster).mp3
Price Tag,Jessie J,Jessie J - Price Tag.mp3
Dreams and Nightmares,Meek Mill,Meek Mill - Dreams and Nightmares.mp3
I Got 5 On It,Luniz,Luniz - I Got 5 On It.mp3
Money Trees,Kendrick Lamar,Kendrick Lamar - Money Trees.mp3
Who Shot Ya? (2007 Remaster),The Notorious B.I.G.,The Notorious B.I.G. - Who Shot Ya_ (2007 Remaster).mp3
Walk This Way,Aerosmith,Aerosmith - Walk This Way.mp3
"Scenario (feat. Busta Rhymes, Dinco D & Charlie Brown) (LP Mix)",A Tribe Called Quest,"A Tribe Called Quest - Scenario (feat. Busta Rhymes, Dinco D & Charlie Brown) (LP Mix).mp3"
All Falls Down,Kanye West,Kanye West - All Falls Down.mp3
All Of The Lights,Kanye West,Kanye West - All Of The Lights.mp3
Flashing Lights,Kanye West,Kanye West - Flashing Lights.mp3
Day 'N' Nite (Nightmare),Kid Cudi,Kid Cudi - Day 'N' Nite (Nightmare).mp3
Mask Off,Future,Future - Mask Off.mp3
SICKO MODE,Travis Scott,Travis Scott - SICKO MODE.mp3
Bad and Boujee,Migos,Migos - Bad and Boujee.mp3
Life Goes On,Lil Baby,Lil Baby - Life Goes On.mp3
All Eyez On Me,2Pac,2Pac - All Eyez On Me.mp3
Gimme the Loot (2005 Remaster),The Notorious B.I.G.,The Notorious B.I.G. - Gimme the Loot (2005 Remaster).mp3
One More Chance (2005 Remaster),The Notorious B.I.G.,The Notorious B.I.G. - One More Chance (2005 Remaster).mp3
Crank That (Soulja Boy),Soulja Boy Tell'em,Soulja Boy Tell'em - Crank That (Soulja Boy).mp3
goosebumps,Travis Scott,Travis Scott - goosebumps.mp3
Bodak Yellow,Cardi B,Cardi B - Bodak Yellow.mp3
Trap Queen,Fetty Wap,Fetty Wap - Trap Queen.mp3
Mercy (feat. Jacob Lusk),The Blessed Madonna,The Blessed Madonna - Mercy (feat. Jacob Lusk).mp3
Black and Yellow,Wiz Khalifa,Wiz Khalifa - Black and Yellow.mp3
Jesus Walks,Kanye West,Kanye West - Jesus Walks.mp3
I've Been Loving You Too Long (Mono),Otis Redding,Otis Redding - I've Been Loving You Too Long (Mono).mp3
Clique,Kanye West,Kanye West - Clique.mp3
Forever,Chris Brown,Chris Brown - Forever.mp3
God's Plan,Drake,Drake - God's Plan.mp3
Nonstop,Drake,Drake - Nonstop.mp3
Headlines (Explicit Version),Drake,Drake - Headlines (Explicit Version).mp3
Started From the Bottom (Explicit Version),Drake,Drake - Started From the Bottom (Explicit Version).mp3
DNA.,Kendrick Lamar,Kendrick Lamar - DNA..mp3
Poetic Justice,Kendrick Lamar,Kendrick Lamar - Poetic Justice.mp3
The Story of O.J.,JAY-Z,JAY-Z - The Story of O.J..mp3
Feelin' Myself,will.i.am,will.i.am - Feelin' Myself.mp3
No Hands (feat. Roscoe Dash & Wale),Waka Flocka Flame,Waka Flocka Flame - No Hands (feat. Roscoe Dash & Wale).mp3
A Million Suns,Arch Enemy,Arch Enemy - A Million Suns.mp3
Lollipop (Album Version Explicit),Lil Wayne,Lil Wayne - Lollipop (Album Version Explicit).mp3
Runnin',Dews Pegahorn,Dews Pegahorn - Runnin'.mp3
The Light,Disturbed,Disturbed - The Light.mp3
Grindin',NF,NF - Grindin'.mp3
Make 'Em Say Ugh,Master P,Master P - Make 'Em Say Ugh.mp3
Slob On My Nob,Tear Da Club Up Thugs,Tear Da Club Up Thugs - Slob On My Nob.mp3
Summertime Sadness,Lana Del Rey,Lana Del Rey - Summertime Sadness.mp3
Country Grammar (Hot Shit),Nelly,Nelly - Country Grammar (Hot Shit).mp3
Lean Back,Terror Squad,Terror Squad - Lean Back.mp3
Ride Wit Me,Nelly,Nelly - Ride Wit Me.mp3
Down For My N's,C-Murder,C-Murder - Down For My N's.mp3
HANDS UP,MEOVV,MEOVV - HANDS UP.mp3
Stairway to Heaven (Remaster),Led Zeppelin,Led Zeppelin - Stairway to Heaven (Remaster).mp3
Bohemian Rhapsody (Remastered 2011),Queen,Queen - Bohemian Rhapsody (Remastered 2011).mp3
Hotel California (2013 Remaster),Eagles,Eagles - Hotel California (2013 Remaster).mp3
Smoke On The Water (Remastered 2012),Deep Purple,Deep Purple - Smoke On The Water (Remastered 2012).mp3
Sweet Child O' Mine,Guns N' Roses,Guns N' Roses - Sweet Child O' Mine.mp3
Born to Run,Bruce Springsteen,Bruce Springsteen - Born to Run.mp3
Comfortably Numb,Pink Floyd,Pink Floyd - Comfortably Numb.mp3
Layla,Derek & The Dominos,Derek & The Dominos - Layla.mp3
Free Bird,Lynyrd Skynyrd,Lynyrd Skynyrd - Free Bird.mp3
Sympathy For The Devil,The Rolling Stones,The Rolling Stones - Sympathy For The Devil.mp3
Whole Lotta Love (Remaster),Led Zeppelin,Led Zeppelin - Whole Lotta Love (Remaster).mp3
Purple Haze,Brady Newman,Brady Newman - Purple Haze.mp3
"Paint It, Black",The Rolling Stones,"The Rolling Stones - Paint It, Black.mp3"
JUMP,BLACKPINK,BLACKPINK - JUMP.mp3
Paranoid,Black Sabbath,Black Sabbath - Paranoid.mp3
Light My Fire (New Stereo Mix),The Doors,The Doors - Light My Fire (New Stereo Mix).mp3
Gimme Shelter,The Rolling Stones,The Rolling Stones - Gimme Shelter.mp3
Kashmir (Remaster),Led Zeppelin,Led Zeppelin - Kashmir (Remaster).mp3
"Another Brick In the Wall (Part 2) (Live in Amsterdam, June, 2018)",Roger Waters,"Roger Waters - Another Brick In the Wall (Part 2) (Live in Amsterdam, June, 2018).mp3"
Dream On,Aerosmith,Aerosmith - Dream On.mp3
Rock and Roll (Remaster),Led Zeppelin,Led Zeppelin - Rock and Roll (Remaster).mp3
My Generation,Limp Bizkit,Limp Bizkit - My Generation.mp3
Born To Be Wild,Steppenwolf,Steppenwolf - Born To Be Wild.mp3
Radar Love,Golden Earring,Golden Earring - Radar Love.mp3
Enter Sandman (Remastered 2021),Metallica,Metallica - Enter Sandman (Remastered 2021).mp3
Won't Get Fooled Again (Original Album Version),The Who,The Who - Won't Get Fooled Again (Original Album Version).mp3
White Room,Cream,Cream - White Room.mp3
Cocaine,Eric Clapton,Eric Clapton - Cocaine.mp3
Baba O'Riley,The Who,The Who - Baba O'Riley.mp3
In the End,Linkin Park,Linkin Park - In the End.mp3
Smells Like Teen Spirit,Nirvana,Nirvana - Smells Like Teen Spirit.mp3
The Last Goodbye (feat. Bettye LaVette),Odesza,Odesza - The Last Goodbye (feat. Bettye LaVette).mp3
The Joker,Steve Miller Band,Steve Miller Band - The Joker.mp3
White Wedding (Pt. 1),Billy Idol,Billy Idol - White Wedding (Pt. 1).mp3
Everlong,Foo Fighters,Foo Fighters - Everlong.mp3
Monkey Wrench,Foo Fighters,Foo Fighters - Monkey Wrench.mp3
Plush,Stone Temple Pilots,Stone Temple Pilots - Plush.mp3
My Lulaby,Jeremy Spencer,Jeremy Spencer - My Lulaby.mp3
How You Remind Me,Nickelback,Nickelback - How You Remind Me.mp3
Last Nite,The Strokes,The Strokes - Last Nite.mp3
Seven Nation Army,The White Stripes,The White Stripes - Seven Nation Army.mp3
American Idiot,Green Day,Green Day - American Idiot.mp3
Learn to Fly,Foo Fighters,Foo Fighters - Learn to Fly.mp3
Mr. Brightside,The Killers,The Killers - Mr. Brightside.mp3
Boulevard of Broken Dreams,Green Day,Green Day - Boulevard of Broken Dreams.mp3
Under the Bridge,Red Hot Chili Peppers,Red Hot Chili Peppers - Under the Bridge.mp3
Californication,Red Hot Chili Peppers,Red Hot Chili Peppers - Californication.mp3
Livin' On A Prayer,Bon Jovi,Bon Jovi - Livin' On A Prayer.mp3
You Shook Me All Night Long,AC/DC,AC_DC - You Shook Me All Night Long.mp3
Jungleland,Bruce Springsteen,Bruce Springsteen - Jungleland.mp3
Don't Stop Believin' (2024 Remaster),Journey,Journey - Don't Stop Believin' (2024 Remaster).mp3
Eye of the Tiger,Survivor,Survivor - Eye of the Tiger.mp3
Cat People (Putting Out Fire),David Bowie,David Bowie - Cat People (Putting Out Fire).mp3
Run to the Hills (1998 Remaster),Iron Maiden,Iron Maiden - Run to the Hills (1998 Remaster).mp3
Breaking the Law,Judas Priest,Judas Priest - Breaking the Law.mp3
Hysteria,Muse,Muse - Hysteria.mp3
Heaven's On Fire,Kiss,Kiss - Heaven's On Fire.mp3
Thunderstruck,AC/DC,AC_DC - Thunderstruck.mp3
Are You Gonna Go My Way,Lenny Kravitz,Lenny Kravitz - Are You Gonna Go My Way.mp3
Song 2,Blur,Blur - Song 2.mp3
Black Hole Sun,Soundgarden,Soundgarden - Black Hole Sun.mp3
Cherub Rock (2011 Remaster),The Smashing Pumpkins,The Smashing Pumpkins - Cherub Rock (2011 Remaster).mp3
This Is The Life,Amy Macdonald,Amy Macdonald - This Is The Life.mp3
Hybrid Moments,Misfits,Misfits - Hybrid Moments.mp3
When You Were Young,The Killers,The Killers - When You Were Young.mp3
Best of You,Foo Fighters,Foo Fighters - Best of You.mp3
The Pretender,Foo Fighters,Foo Fighters - The Pretender.mp3
Weight of Love,The Black Keys,The Black Keys - Weight of Love.mp3
Radioactive,Imagine Dragons,Imagine Dragons - Radioactive.mp3
Toxicity,System of A Down,System of A Down - Toxicity.mp3
Bulls On Parade,Rage Against the Machine,Rage Against the Machine - Bulls On Parade.mp3
Know Your Enemy,Rage Against the Machine,Rage Against the Machine - Know Your Enemy.mp3
Poker Face,Lady Gaga,Lady Gaga - Poker Face.mp3
Rolling in the Deep,Adele,Adele - Rolling in the Deep.mp3
Someone Like You,Adele,Adele - Someone Like You.mp3
"CAN'T STOP THE FEELING! (from DreamWorks Animation's ""TROLLS"")",Justin Timberlake,Justin Timberlake - CAN'T STOP THE FEELING! (from DreamWorks Animation's _TROLLS_).mp3
Back To Black,Amy Winehouse,Amy Winehouse - Back To Black.mp3
...Baby One More Time,Britney Spears,Britney Spears - ...Baby One More Time.mp3
All About That Bass,Meghan Trainor,Meghan Trainor - All About That Bass.mp3
Starboy,The Weeknd,The Weeknd - Starboy.mp3
...Baby One More Time,Britney Spears,Britney Spears - ...Baby One More Time.mp3
Where Are Ü Now (with Justin Bieber),Jack Ü,Jack Ü - Where Are Ü Now (with Justin Bieber).mp3
Dance Monkey,Tones And I,Tones And I - Dance Monkey.mp3
Don't Start Now,Dua Lipa,Dua Lipa - Don't Start Now.mp3
Levitating,Dua Lipa,Dua Lipa - Levitating.mp3
Shallow,Lady Gaga,Lady Gaga - Shallow.mp3
Señorita,Shawn Mendes,Shawn Mendes - Señorita.mp3
Uptown Funk (feat. Bruno Mars),Mark Ronson,Mark Ronson - Uptown Funk (feat. Bruno Mars).mp3
Rolling in the Deep,Adele,Adele - Rolling in the Deep.mp3
Can't Feel My Face,The Weeknd,The Weeknd - Can't Feel My Face.mp3
Girls Like You (Cardi B Version),Maroon 5,Maroon 5 - Girls Like You (Cardi B Version).mp3
Shape of You,Ed Sheeran,Ed Sheeran - Shape of You.mp3
Closer,The Chainsmokers,The Chainsmokers - Closer.mp3
See You Again (feat. Kali Uchis),"Tyler, The Creator","Tyler, The Creator - See You Again (feat. Kali Uchis).mp3"
Love Yourself,Justin Bieber,Justin Bieber - Love Yourself.mp3
Señorita,Shawn Mendes,Shawn Mendes - Señorita.mp3
Watermelon Sugar,Harry Styles,Harry Styles - Watermelon Sugar.mp3
Peaches,The Stranglers,The Stranglers - Peaches.mp3
stay,Aden Lou,Aden Lou - stay.mp3
drivers license,Olivia Rodrigo,Olivia Rodrigo - drivers license.mp3
good 4 u,Olivia Rodrigo,Olivia Rodrigo - good 4 u.mp3
As It Was,Harry Styles,Harry Styles - As It Was.mp3
Easy On Me,Adele,Adele - Easy On Me.mp3
Anti-Hero,Taylor Swift,Taylor Swift - Anti-Hero.mp3
Kill Bill,SZA,SZA - Kill Bill.mp3
Flowers,Miley Cyrus,Miley Cyrus - Flowers.mp3
"Moves Like Jagger (Studio Recording From ""The Voice"" Performance)",Maroon 5,Maroon 5 - Moves Like Jagger (Studio Recording From _The Voice_ Performance).mp3
Somebody That I Used To Know,Gotye,Gotye - Somebody That I Used To Know.mp3
Skinny Love,Birdy,Birdy - Skinny Love.mp3
Paradise,Sade,Sade - Paradise.mp3
Counting Stars,OneRepublic,OneRepublic - Counting Stars.mp3
Wake Me Up Before You Go-Go,Wham!,Wham! - Wake Me Up Before You Go-Go.mp3
Someone You Loved,Lewis Capaldi,Lewis Capaldi - Someone You Loved.mp3
Hips Don't Lie (feat. Wyclef Jean),Shakira,Shakira - Hips Don't Lie (feat. Wyclef Jean).mp3
Wherever You Will Go,The Calling,The Calling - Wherever You Will Go.mp3
Complicated,Avril Lavigne,Avril Lavigne - Complicated.mp3
i'm yours,Isabel LaRosa,Isabel LaRosa - i'm yours.mp3
"Hey, Soul Sister",SKYE,"SKYE - Hey, Soul Sister.mp3"
Just Dance,Lady Gaga,Lady Gaga - Just Dance.mp3
Fireflies,Owl City,Owl City - Fireflies.mp3
TiK ToK,Ke$ha,Ke$ha - TiK ToK.mp3
Forget You (feat. BARBZ),Alok,Alok - Forget You (feat. BARBZ).mp3
Raise Your Glass,P!nk,P!nk - Raise Your Glass.mp3
We Found Love (Album Version),Rihanna,Rihanna - We Found Love (Album Version).mp3
Diamonds,Rihanna,Rihanna - Diamonds.mp3
Havana (feat. Young Thug),Camila Cabello,Camila Cabello - Havana (feat. Young Thug).mp3
bad guy,Billie Eilish,Billie Eilish - bad guy.mp3
Circles,Arley,Arley - Circles.mp3
Water Under the Bridge,Adele,Adele - Water Under the Bridge.mp3
Blank Space,Taylor Swift,Taylor Swift - Blank Space.mp3
Shake It Off,Taylor Swift,Taylor Swift - Shake It Off.mp3
Roar,Katy Perry,Katy Perry - Roar.mp3
Summertime Sadness,Lana Del Rey,Lana Del Rey - Summertime Sadness.mp3
"CAN'T STOP THE FEELING! (from DreamWorks Animation's ""TROLLS"")",Justin Timberlake,Justin Timberlake - CAN'T STOP THE FEELING! (from DreamWorks Animation's _TROLLS_).mp3
Uptown Funk (feat. Bruno Mars),Mark Ronson,Mark Ronson - Uptown Funk (feat. Bruno Mars).mp3
Master Of Puppets,Metallica,Metallica - Master Of Puppets.mp3
Paranoid,Black Sabbath,Black Sabbath - Paranoid.mp3
Iron Man,Black Sabbath,Black Sabbath - Iron Man.mp3
Ace Of Spades,Motörhead,Motörhead - Ace Of Spades.mp3
Raining Blood,Slayer,Slayer - Raining Blood.mp3
Fear of the Dark (2015 Remaster),Iron Maiden,Iron Maiden - Fear of the Dark (2015 Remaster).mp3
Painkiller,Three Days Grace,Three Days Grace - Painkiller.mp3
Hallowed Be Thy Name (2015 Remaster),Iron Maiden,Iron Maiden - Hallowed Be Thy Name (2015 Remaster).mp3
Cowboys from Hell,Pantera,Pantera - Cowboys from Hell.mp3
The One,Limp Bizkit,Limp Bizkit - The One.mp3
Walk,Pantera,Pantera - Walk.mp3
Children of the Grave,Black Sabbath,Black Sabbath - Children of the Grave.mp3
The Number of the Beast (1998 Remaster),Iron Maiden,Iron Maiden - The Number of the Beast (1998 Remaster).mp3
Electric Eye,Judas Priest,Judas Priest - Electric Eye.mp3
Battery,Metallica,Metallica - Battery.mp3
South Of Heaven,Slayer,Slayer - South Of Heaven.mp3
Angel Of Death,Slayer,Slayer - Angel Of Death.mp3
War Pigs,Black Sabbath,Black Sabbath - War Pigs.mp3
Holy Wars...The Punishment Due,Megadeth,Megadeth - Holy Wars...The Punishment Due.mp3
The Trooper (2015 Remaster),Iron Maiden,Iron Maiden - The Trooper (2015 Remaster).mp3
Holy Diver,Dio,Dio - Holy Diver.mp3
Seek & Destroy (Remastered),Metallica,Metallica - Seek & Destroy (Remastered).mp3
Run to the Hills (1998 Remaster),Iron Maiden,Iron Maiden - Run to the Hills (1998 Remaster).mp3
Heaven and Hell (2009 Remaster),Black Sabbath,Black Sabbath - Heaven and Hell (2009 Remaster).mp3
Symphony Of Destruction (Remastered 2012),Megadeth,Megadeth - Symphony Of Destruction (Remastered 2012).mp3
Blackened,Metallica,Metallica - Blackened.mp3
Harvester of Sorrow,Metallica,Metallica - Harvester of Sorrow.mp3
Battery,Metallica,Metallica - Battery.mp3
Roots Bloody Roots,Sepultura,Sepultura - Roots Bloody Roots.mp3
Before I Forget,Slipknot,Slipknot - Before I Forget.mp3
Bleed (15th Anniversary Remastered 2023 Edition),Meshuggah,Meshuggah - Bleed (15th Anniversary Remastered 2023 Edition).mp3
The Bleeding,Five Finger Death Punch,Five Finger Death Punch - The Bleeding.mp3
Aerials,System of A Down,System of A Down - Aerials.mp3
Chop Suey!,System of A Down,System of A Down - Chop Suey!.mp3
Coconut,Harry Nilsson,Harry Nilsson - Coconut.mp3
Down with the Sickness,Disturbed,Disturbed - Down with the Sickness.mp3
Blinding Lights,The Weeknd,The Weeknd - Blinding Lights.mp3
Psychosocial,Slipknot,Slipknot - Psychosocial.mp3
Stigmata,grandson,grandson - Stigmata.mp3
South Of Heaven,Slayer,Slayer - South Of Heaven.mp3
Pull Me Under,Dream Theater,Dream Theater - Pull Me Under.mp3
Blood and Thunder,Mastodon,Mastodon - Blood and Thunder.mp3
Chapel Of Ghouls,Morbid Angel,Morbid Angel - Chapel Of Ghouls.mp3
I Am the Warlock (feat. Jack Black),Probot,Probot - I Am the Warlock (feat. Jack Black).mp3
Mirror Mirror,F.HERO,F.HERO - Mirror Mirror.mp3
VALHALLA,Maes,Maes - VALHALLA.mp3
Through The Fire And Flames,DragonForce,DragonForce - Through The Fire And Flames.mp3
The Bard's Song (In the Forest) (Live),Blind Guardian,Blind Guardian - The Bard's Song (In the Forest) (Live).mp3
Fear of the Dark (2015 Remaster),Iron Maiden,Iron Maiden - Fear of the Dark (2015 Remaster).mp3
Run to the Hills (1998 Remaster),Iron Maiden,Iron Maiden - Run to the Hills (1998 Remaster).mp3
The Wicker Man (2015 Remaster),Iron Maiden,Iron Maiden - The Wicker Man (2015 Remaster).mp3
Fear of the Dark (2015 Remaster),Iron Maiden,Iron Maiden - Fear of the Dark (2015 Remaster).mp3
The Number of the Beast (1998 Remaster),Iron Maiden,Iron Maiden - The Number of the Beast (1998 Remaster).mp3
Children of the Damned (2015 Remaster),Iron Maiden,Iron Maiden - Children of the Damned (2015 Remaster).mp3
Welcome To The Jungle,Guns N' Roses,Guns N' Roses - Welcome To The Jungle.mp3
Stone Cold Crazy (Remastered 2011),Queen,Queen - Stone Cold Crazy (Remastered 2011).mp3
Painkiller,Three Days Grace,Three Days Grace - Painkiller.mp3
Hallowed Be Thy Name (2015 Remaster),Iron Maiden,Iron Maiden - Hallowed Be Thy Name (2015 Remaster).mp3
Heaven's On Fire,Kiss,Kiss - Heaven's On Fire.mp3
Caught Somewhere in Time (2015 Remaster),Iron Maiden,Iron Maiden - Caught Somewhere in Time (2015 Remaster).mp3
Electric Eye,Judas Priest,Judas Priest - Electric Eye.mp3
Breaking the Law,Judas Priest,Judas Priest - Breaking the Law.mp3
Stay Stronger,Transparent Man,Transparent Man - Stay Stronger.mp3
Nightcrawler (feat. Swae Lee & Chief Keef),Travis Scott,Travis Scott - Nightcrawler (feat. Swae Lee & Chief Keef).mp3
BURN IN HELL,Red Leather,Red Leather - BURN IN HELL.mp3
War Ensemble (Album Version),Slayer,Slayer - War Ensemble (Album Version).mp3
Angel Of Death,Slayer,Slayer - Angel Of Death.mp3
Dead Embryonic Cells,Sepultura,Sepultura - Dead Embryonic Cells.mp3
Pull The Plug,Ashe,Ashe - Pull The Plug.mp3
Rime of the Ancient Mariner (2015 Remaster),Iron Maiden,Iron Maiden - Rime of the Ancient Mariner (2015 Remaster).mp3
The Trooper (2015 Remaster),Iron Maiden,Iron Maiden - The Trooper (2015 Remaster).mp3
2112 - Overture (Live In YYZ 1981),Rush,Rush - 2112 - Overture (Live In YYZ 1981).mp3
Battery,Metallica,Metallica - Battery.mp3
Ride The Lightning (Remastered),Metallica,Metallica - Ride The Lightning (Remastered).mp3
Creeping Death (Remastered),Metallica,Metallica - Creeping Death (Remastered).mp3
Disposable Heroes,Metallica,Metallica - Disposable Heroes.mp3
Blitzkrieg Bop (2016 Remaster),Ramones,Ramones - Blitzkrieg Bop (2016 Remaster).mp3
Welcome Home (Sanitarium),Metallica,Metallica - Welcome Home (Sanitarium).mp3
"Damage, Inc.",Metallica,"Metallica - Damage, Inc..mp3"
For Whom The Bell Tolls (Remastered),Metallica,Metallica - For Whom The Bell Tolls (Remastered).mp3
The One,Limp Bizkit,Limp Bizkit - The One.mp3
The Thing That Should Not Be,Metallica,Metallica - The Thing That Should Not Be.mp3
Master Of Puppets,Metallica,Metallica - Master Of Puppets.mp3
Welcome Back,Cyberia-9,Cyberia-9 - Welcome Back.mp3
Electric Crown,Testament,Testament - Electric Crown.mp3
Planet Caravan,Black Sabbath,Black Sabbath - Planet Caravan.mp3
Sabbath Bloody Sabbath,Black Sabbath,Black Sabbath - Sabbath Bloody Sabbath.mp3
Days of Confusion,Cro-mags,Cro-mags - Days of Confusion.mp3
Plastic Love,Mariya Takeuchi,Mariya Takeuchi - Plastic Love.mp3
Kanashimini Sayonara,Anzenchitai,Anzenchitai - Kanashimini Sayonara.mp3
SUMMER SUSPICION,S.Kiyotaka & Omega Tribe,S.Kiyotaka & Omega Tribe - SUMMER SUSPICION.mp3
Mayonaka no Door / Stay With Me,Miki Matsubara,Miki Matsubara - Mayonaka no Door _ Stay With Me.mp3
Minna No Uta,Kyary Pamyu Pamyu,Kyary Pamyu Pamyu - Minna No Uta.mp3
Tribe,Bas,Bas - Tribe.mp3
I'm All Yours / Anata Dake No Mono,Yumi Arai,Yumi Arai - I'm All Yours _ Anata Dake No Mono.mp3
Shall we dance-Kuchizuke Diamond (Live),Weaver,Weaver - Shall we dance-Kuchizuke Diamond (Live).mp3
Say Yes To Heaven,Lana Del Rey,Lana Del Rey - Say Yes To Heaven.mp3
Diamonds,Rihanna,Rihanna - Diamonds.mp3
Runner’s High,MUNA,MUNA - Runner’s High.mp3
Mou Setsunaitoha Iwasenai,Gesu No Kiwami Otome,Gesu No Kiwami Otome - Mou Setsunaitoha Iwasenai.mp3
Midnight Shuffle,S2K,S2K - Midnight Shuffle.mp3
Kokorono Tomo,Mayumi Itsuwa,Mayumi Itsuwa - Kokorono Tomo.mp3
Junjo,Aruan Ortiz,Aruan Ortiz - Junjo.mp3
Get Wild,TM Network,TM Network - Get Wild.mp3
Yellow Magic (Tong Poo),Yellow Magic Orchestra,Yellow Magic Orchestra - Yellow Magic (Tong Poo).mp3
Sotsugyo Shashin,Hayley Westenra,Hayley Westenra - Sotsugyo Shashin.mp3
Winding Road,Man With A Mission,Man With A Mission - Winding Road.mp3
Kaze No Torimichi (My Neighbor Totoro),Aun J-Classic Orchestra,Aun J-Classic Orchestra - Kaze No Torimichi (My Neighbor Totoro).mp3
Crying Eyes,J.J. Cale,J.J. Cale - Crying Eyes.mp3
Amayadori (Live),Toshiki Soejima,Toshiki Soejima - Amayadori (Live).mp3
Toki No Tabibito,Barış Manço,Barış Manço - Toki No Tabibito.mp3
Suteki na Oji-sama,Mako Kuwabara,Mako Kuwabara - Suteki na Oji-sama.mp3
Million Miles Away,The Offspring,The Offspring - Million Miles Away.mp3
Hoseki,FictionJunction,FictionJunction - Hoseki.mp3
Innocent World,Iggy Pop,Iggy Pop - Innocent World.mp3
Shinunoga E-Wa,Fujii Kaze,Fujii Kaze - Shinunoga E-Wa.mp3
Silent Movies,Madisen Ward and The Mama Bear,Madisen Ward and The Mama Bear - Silent Movies.mp3
HIKARI NO NAKA DE FURIMUKU WATASHI,Mako Ishino,Mako Ishino - HIKARI NO NAKA DE FURIMUKU WATASHI.mp3
Lovin' You,Minnie Riperton,Minnie Riperton - Lovin' You.mp3
Overdrive (feat. Norma Jean Martine),Ofenbach,Ofenbach - Overdrive (feat. Norma Jean Martine).mp3
Summer Dream (Zucca Mix),Dim Zach,Dim Zach - Summer Dream (Zucca Mix).mp3
Namida no benibara,Hibari Misora,Hibari Misora - Namida no benibara.mp3
Endless Game,Lexxy Chainz,Lexxy Chainz - Endless Game.mp3
Mordeh Bodam Zendeh Shodam,Alireza Eftekhari,Alireza Eftekhari - Mordeh Bodam Zendeh Shodam.mp3
Boulevard Of Broken Dreams (Reggae Cover),Stick Figure,Stick Figure - Boulevard Of Broken Dreams (Reggae Cover).mp3
Silence ga Ippai,S.Kiyotaka & Omega Tribe,S.Kiyotaka & Omega Tribe - Silence ga Ippai.mp3
Haru no Uta,Yoeko Kurahashi,Yoeko Kurahashi - Haru no Uta.mp3
Wangan Taiyozoku,Yoko Oginome,Yoko Oginome - Wangan Taiyozoku.mp3
Oyoge! Taiyaki Kun,Masato Shimon,Masato Shimon - Oyoge! Taiyaki Kun.mp3
Rusty Nail,Grip Inc.,Grip Inc. - Rusty Nail.mp3
The Glass City,Pender Street Steppers,Pender Street Steppers - The Glass City.mp3
Boku no Hanbun,Maaya Sakamoto,Maaya Sakamoto - Boku no Hanbun.mp3
Forever Love,Gary Barlow,Gary Barlow - Forever Love.mp3
Hageshii Ame Ga,The Mods,The Mods - Hageshii Ame Ga.mp3
Nagai Kami No Shojo,Carmen Maki,Carmen Maki - Nagai Kami No Shojo.mp3
Dakishimetai,Lilac,Lilac - Dakishimetai.mp3
Dance in the Rain (Sped Up),Tom Frane,Tom Frane - Dance in the Rain (Sped Up).mp3
Ending Theme,Nobuo Uematsu,Nobuo Uematsu - Ending Theme.mp3
Mes Tis Pentelis Ta Vouna,Spyros Zagoraios,Spyros Zagoraios - Mes Tis Pentelis Ta Vouna.mp3
Misirlou,Dick Dale and His Del-Tones,Dick Dale and His Del-Tones - Misirlou.mp3
Hariklaki,Petros Klampanis,Petros Klampanis - Hariklaki.mp3
Giftopoula,Yiannis Kotsiras,Yiannis Kotsiras - Giftopoula.mp3
Antonis O Varkaris O Seretis,Markos Vamvakaris,Markos Vamvakaris - Antonis O Varkaris O Seretis.mp3
Karadouzeni,Markos Vamvakaris,Markos Vamvakaris - Karadouzeni.mp3
Otan Do Ta Dio Sou Matia,Giannis Papaioannou,Giannis Papaioannou - Otan Do Ta Dio Sou Matia.mp3
Hasapaki Den Se Thelo Pia,Antonis Diamantidis Dalgas,Antonis Diamantidis Dalgas - Hasapaki Den Se Thelo Pia.mp3
To Minore Tis Avgis,Haris Alexiou,Haris Alexiou - To Minore Tis Avgis.mp3
Ta Deilina,Giorgos Zambetas,Giorgos Zambetas - Ta Deilina.mp3
Mourmoura,Imam Baildi,Imam Baildi - Mourmoura.mp3
Papo Reto (Prazer É Sexo O Resto É Negócio),Charlie Brown Jr.,Charlie Brown Jr. - Papo Reto (Prazer É Sexo O Resto É Negócio).mp3
Mesa Ston Idio Ourano,Alkinoos Ioannidis,Alkinoos Ioannidis - Mesa Ston Idio Ourano.mp3
Mexer Mexer,Pagod'art,Pagod'art - Mexer Mexer.mp3
Tamatia Sou,Aris San,Aris San - Tamatia Sou.mp3
O Nikitas Ego Kai Stelis,Hainides,Hainides - O Nikitas Ego Kai Stelis.mp3
Afti I Nihta Meni,Stamatis Kraounakis,Stamatis Kraounakis - Afti I Nihta Meni.mp3
Pou Na 'Se Tora,Theodosia Tsatsou,Theodosia Tsatsou - Pou Na 'Se Tora.mp3
To treno fevgei stis okto,Mikis Theodorakis,Mikis Theodorakis - To treno fevgei stis okto.mp3
Den Tha Hasis,Elli Kokkinou,Elli Kokkinou - Den Tha Hasis.mp3
San Ke Mena...Pouthena,Sarbel,Sarbel - San Ke Mena...Pouthena.mp3
Treno (Live),Sotis Volanis,Sotis Volanis - Treno (Live).mp3
Paranomi Agapi Mou,Natassa Theodoridou,Natassa Theodoridou - Paranomi Agapi Mou.mp3
Agonia,Natanzinho Lima,Natanzinho Lima - Agonia.mp3
I Smirni (Remastered 2004),George Dalaras,George Dalaras - I Smirni (Remastered 2004).mp3
House of the Rising Sun,The Animals,The Animals - House of the Rising Sun.mp3
Tosa Grammata,Giannis Parios,Giannis Parios - Tosa Grammata.mp3
Ypervoles,Droulias Brothers,Droulias Brothers - Ypervoles.mp3
Esena Mono (Remix),Sargsyan Beats,Sargsyan Beats - Esena Mono (Remix).mp3
Ena Votsalo,Giannis Koutras,Giannis Koutras - Ena Votsalo.mp3
Thalassa,Stelios Rokkos,Stelios Rokkos - Thalassa.mp3
Den Eisai Edo,Giorgos Giannias,Giorgos Giannias - Den Eisai Edo.mp3
Den Pao Pouthena,Vasilis Karras,Vasilis Karras - Den Pao Pouthena.mp3
Kardia Mou,Mente Fuerte,Mente Fuerte - Kardia Mou.mp3
Otan Ta Chronia Sou Perasoun (Live),Vasilis Karras,Vasilis Karras - Otan Ta Chronia Sou Perasoun (Live).mp3
My Number One,Helena Paparizou,Helena Paparizou - My Number One.mp3
Shake It To The Max (FLY) [Remix],Moliy,Moliy - Shake It To The Max (FLY) [Remix].mp3
Somalien,Koffi Olomide,Koffi Olomide - Somalien.mp3
Kati Parapano,Vasilis Karras,Vasilis Karras - Kati Parapano.mp3
Pali Pali,Thodoris Ferris,Thodoris Ferris - Pali Pali.mp3
Let Her Go,Passenger,Passenger - Let Her Go.mp3
Evlogitos o Theos/ Kyrie eisakouson,Kabarnos,Kabarnos - Evlogitos o Theos_ Kyrie eisakouson.mp3
Deadline,Fausta,Fausta - Deadline.mp3
Adriano,Niska,Niska - Adriano.mp3
I Just Need (with Lyrah),Daniel Allan,Daniel Allan - I Just Need (with Lyrah).mp3
Pio Eftihismenos Anthropos Pano Sti Gi,Nikos Karvelas,Nikos Karvelas - Pio Eftihismenos Anthropos Pano Sti Gi.mp3
"Symphony No. 5 in C Minor, Op.67 (Piano Lullaby Version)",Baby Yabbadoo Music,"Baby Yabbadoo Music - Symphony No. 5 in C Minor, Op.67 (Piano Lullaby Version).mp3"
Eine kleine Nachtmusik K. 525 (Medley),André Rieu,André Rieu - Eine kleine Nachtmusik K. 525 (Medley).mp3
"Toccata and Fugue in D Minor, BWV 565 (Remastered)",Johann Sebastian Bach,"Johann Sebastian Bach - Toccata and Fugue in D Minor, BWV 565 (Remastered).mp3"
Big Girls Don't Cry / Sherry / Ruby Baby / Little Diane / Runaround Sue / The Wanderer / Hey Baby / Sheila / Breaking up Is Hard t,Tommy Roe,Tommy Roe - Big Girls Don't Cry _ Sherry _ Ruby Baby _ Little Diane _ Runaround Sue _ The Wanderer _ Hey Baby _ Sheila _ Breaking up Is Hard t.mp3
Swan Lake,HAUSER,HAUSER - Swan Lake.mp3
Clair de Lune,Bon Entendeur,Bon Entendeur - Clair de Lune.mp3
Le Boléro,Maurice Ravel,Maurice Ravel - Le Boléro.mp3
Canon in D (Violin Wedding Version),Taylor Davis,Taylor Davis - Canon in D (Violin Wedding Version).mp3
"Symphony No. 6 in F Major ""Pastoral"", Op. 68 - V. Hirtengesang - Frohe und dankbare Gefühle nach dem Sturm. Allegretto",Bernard Haitink,"Bernard Haitink - Symphony No. 6 in F Major _Pastoral_, Op. 68 - V. Hirtengesang - Frohe und dankbare Gefühle nach dem Sturm. Allegretto.mp3"
"Requiem in D Minor, K.626",Wolfgang Amadeus Mozart,"Wolfgang Amadeus Mozart - Requiem in D Minor, K.626.mp3"
"Brandenburg Concerto No.3 In G Major, BWV.1048 - I",Dimanche FR,"Dimanche FR - Brandenburg Concerto No.3 In G Major, BWV.1048 - I.mp3"
"Symphony No. 40 in G Minor, K.550",Wolfgang Amadeus Mozart,"Wolfgang Amadeus Mozart - Symphony No. 40 in G Minor, K.550.mp3"
Hungarian Rhapsody No. 2,Rousseau,Rousseau - Hungarian Rhapsody No. 2.mp3
"The Nutcracker Suite, Op. 71a : Tchaikovsky: The Nutcracker Suite, Op. 71a: IIb. Dance of the Sugar Plum Fairy",Wiener Philharmoniker,"Wiener Philharmoniker - The Nutcracker Suite, Op. 71a _ Tchaikovsky_ The Nutcracker Suite, Op. 71a_ IIb. Dance of the Sugar Plum Fairy.mp3"
Gymnopédie No. 1,Erik Satie,Erik Satie - Gymnopédie No. 1.mp3
"Carmina Burana: ""O Fortuna""",L'Orchestre National du Bolchoï,L'Orchestre National du Bolchoï - Carmina Burana_ _O Fortuna_.mp3
Salut D'Amour,강명성,강명성 - Salut D'Amour.mp3
Ride of the Valkyries,Brothers of Metal,Brothers of Metal - Ride of the Valkyries.mp3
Mussorgsky: Pictures at an Exhibition: Promenade I,Aldo Ciccolini,Aldo Ciccolini - Mussorgsky_ Pictures at an Exhibition_ Promenade I.mp3
"Symphony No. 7 in A Major, Op. 92",Vienna Philharmonic Orchestra,"Vienna Philharmonic Orchestra - Symphony No. 7 in A Major, Op. 92.mp3"
Adagio For Strings,Tiësto,Tiësto - Adagio For Strings.mp3
"Violin Concerto in D Major, Op. 35",David Oistrakh,"David Oistrakh - Violin Concerto in D Major, Op. 35.mp3"
"Symphony No.41 in C-Major, K. 551: “Jupiter” II. Andante Cantabile",Mozart & Haydn Light Orchestra,"Mozart & Haydn Light Orchestra - Symphony No.41 in C-Major, K. 551_ “Jupiter” II. Andante Cantabile.mp3"
"The Planets, Op. 32 : Holst: The Planets, Op. 32: I. Mars, the Bringer of War",Berliner Philharmoniker,"Berliner Philharmoniker - The Planets, Op. 32 _ Holst_ The Planets, Op. 32_ I. Mars, the Bringer of War.mp3"
"Symphony No. 1 in C Major, Op. 21: III. Menuetto. Allegro molto e vivace",Yo-Yo Ma,"Yo-Yo Ma - Symphony No. 1 in C Major, Op. 21_ III. Menuetto. Allegro molto e vivace.mp3"
"Piano Concerto No. 2 In C Minor, Op. 18",Rachmaninov,"Rachmaninov - Piano Concerto No. 2 In C Minor, Op. 18.mp3"
The Race,The Gladiators,The Gladiators - The Race.mp3
Codeine Crazy,Future,Future - Codeine Crazy.mp3
Ricochet (feat. Anna Graceman),Alderyn,Alderyn - Ricochet (feat. Anna Graceman).mp3
TRAP BACK,Lyrrix,Lyrrix - TRAP BACK.mp3
Right Now,Rihanna,Rihanna - Right Now.mp3
Oops!...I Did It Again,Britney Spears,Britney Spears - Oops!...I Did It Again.mp3
OVERDO$E,Pharmacist,Pharmacist - OVERDO$E.mp3
Demons,Imagine Dragons,Imagine Dragons - Demons.mp3
GUMMO,6ix9ine,6ix9ine - GUMMO.mp3
Mood Swings,Pop Smoke,Pop Smoke - Mood Swings.mp3
Phantom,Justice,Justice - Phantom.mp3
Iris,The Goo Goo Dolls,The Goo Goo Dolls - Iris.mp3
Hot Girl Summer (feat. Nicki Minaj & Ty Dolla $ign),Megan Thee Stallion,Megan Thee Stallion - Hot Girl Summer (feat. Nicki Minaj & Ty Dolla $ign).mp3
Uprising,Muse,Muse - Uprising.mp3
Wraith,Smith/Kotzen,Smith_Kotzen - Wraith.mp3
New Freezer,Rich The Kid,Rich The Kid - New Freezer.mp3
2 Phones,Kevin Gates,Kevin Gates - 2 Phones.mp3
AIR IT OUT,JRDALOC,JRDALOC - AIR IT OUT.mp3
Everyday,Ariana Grande,Ariana Grande - Everyday.mp3
Gang Signs (feat. ScHoolboy Q),Freddie Gibbs,Freddie Gibbs - Gang Signs (feat. ScHoolboy Q).mp3
Wrist,camila molefe,camila molefe - Wrist.mp3
No Stylist (feat. Drake),French Montana,French Montana - No Stylist (feat. Drake).mp3
check,bbno$,bbno$ - check.mp3
She Knows,J. Cole,J. Cole - She Knows.mp3
Over It,Bullet For My Valentine,Bullet For My Valentine - Over It.mp3
Noticed,Lil Mosey,Lil Mosey - Noticed.mp3
Jumpman,Drake,Drake - Jumpman.mp3
WORKIN ME,Quavo,Quavo - WORKIN ME.mp3
Right Foot Creep,YoungBoy Never Broke Again,YoungBoy Never Broke Again - Right Foot Creep.mp3
out for the night (part 2),21 Savage,21 Savage - out for the night (part 2).mp3
For The Night,Pop Smoke,Pop Smoke - For The Night.mp3
Savage Mode,21 Savage,21 Savage - Savage Mode.mp3
Arrival of the Birds,The Cinematic Orchestra,The Cinematic Orchestra - Arrival of the Birds.mp3
Sunflower (Spider-Man: Into the Spider-Verse),Post Malone,Post Malone - Sunflower (Spider-Man_ Into the Spider-Verse).mp3
Butterfly Doors,Lil Pump,Lil Pump - Butterfly Doors.mp3
Solitaires (feat. Travis Scott),Future,Future - Solitaires (feat. Travis Scott).mp3
Roses (feat. ROZES),The Chainsmokers,The Chainsmokers - Roses (feat. ROZES).mp3
Goodbyes,Post Malone,Post Malone - Goodbyes.mp3
Ball For Me,Post Malone,Post Malone - Ball For Me.mp3
B.B. King Freestyle,Lil Wayne,Lil Wayne - B.B. King Freestyle.mp3
100$ (sped up),Løvësïck,Løvësïck - 100$ (sped up).mp3
Wraith,Smith/Kotzen,Smith_Kotzen - Wraith.mp3
Lying from You,Linkin Park,Linkin Park - Lying from You.mp3
Off The Grid,Kanye West,Kanye West - Off The Grid.mp3
Family and Loyalty,Gang Starr,Gang Starr - Family and Loyalty.mp3
Take Five,King Tubby,King Tubby - Take Five.mp3
So What (Main Version),P!nk,P!nk - So What (Main Version).mp3
My Favorite Things (Stereo) (2022 Remaster),John Coltrane,John Coltrane - My Favorite Things (Stereo) (2022 Remaster).mp3
'Round Midnight,Amy Winehouse,Amy Winehouse - 'Round Midnight.mp3
Strange Fruit,Billie Holiday,Billie Holiday - Strange Fruit.mp3
All Blues (Remastered),Miles Davis,Miles Davis - All Blues (Remastered).mp3
A Love Supreme,Anga Diaz,Anga Diaz - A Love Supreme.mp3
The Autumn Leaves,Cecile Bredie,Cecile Bredie - The Autumn Leaves.mp3
Song For My Father,Horace Silver,Horace Silver - Song For My Father.mp3
My Funny Valentine,Chet Baker,Chet Baker - My Funny Valentine.mp3
God Bless The Child,Ola W Jansson,Ola W Jansson - God Bless The Child.mp3
Mood Indigo (1990 Remaster),Louis Armstrong,Louis Armstrong - Mood Indigo (1990 Remaster).mp3
Cheek To Cheek,Louis Armstrong,Louis Armstrong - Cheek To Cheek.mp3
Caravan,John Wasson,John Wasson - Caravan.mp3
Doxy (Live),Keith Jarrett,Keith Jarrett - Doxy (Live).mp3
Billie's Bounce (Bonus Track),George Benson,George Benson - Billie's Bounce (Bonus Track).mp3
Night In Tunisia,Dizzy Gillespie,Dizzy Gillespie - Night In Tunisia.mp3
Moanin',Art Blakey,Art Blakey - Moanin'.mp3
Stolen Moments,Ahmad Jamal,Ahmad Jamal - Stolen Moments.mp3
Blue Train,Pandrezz,Pandrezz - Blue Train.mp3
My One And Only Love,John Coltrane,John Coltrane - My One And Only Love.mp3
The Girl From Ipanema,Stan Getz,Stan Getz - The Girl From Ipanema.mp3
In The Mood,Glenn Miller,Glenn Miller - In The Mood.mp3
Body And Soul,Tony Bennett,Tony Bennett - Body And Soul.mp3
Round About Midnight,Gotan Project,Gotan Project - Round About Midnight.mp3
Fourmi,La Mano 1.9,La Mano 1.9 - Fourmi.mp3
Mister Magic,"Grover Washington, Jr.","Grover Washington, Jr. - Mister Magic.mp3"
Maiden Voyage (Remastered 1999/Rudy Van Gelder Edition),Herbie Hancock,Herbie Hancock - Maiden Voyage (Remastered 1999_Rudy Van Gelder Edition).mp3
Song for My Lady,Louiz Banks,Louiz Banks - Song for My Lady.mp3
Peace Piece,Bill Evans,Bill Evans - Peace Piece.mp3
Skylarking,Bitchin Bajas,Bitchin Bajas - Skylarking.mp3
Lush Life,Zara Larsson,Zara Larsson - Lush Life.mp3
Con Alma,Dizzy Gillespie,Dizzy Gillespie - Con Alma.mp3
St. Louis Blues,Bessie Smith,Bessie Smith - St. Louis Blues.mp3
Darn That Dream,Saginaw Society,Saginaw Society - Darn That Dream.mp3
'Round Midnight,Amy Winehouse,Amy Winehouse - 'Round Midnight.mp3
Nardis,Marcin,Marcin - Nardis.mp3
Oleo banjo,Nomi-Nomi,Nomi-Nomi - Oleo banjo.mp3
You Don't Know What Love Is (Remastered 2024),Miles Davis,Miles Davis - You Don't Know What Love Is (Remastered 2024).mp3
Donna Lee,Jaco Pastorius,Jaco Pastorius - Donna Lee.mp3
"On Green Dolphin Street (feat. John Coltrane, Cannonball Adderley & Bill Evans)",Miles Davis,"Miles Davis - On Green Dolphin Street (feat. John Coltrane, Cannonball Adderley & Bill Evans).mp3"
Bluesette,Toots Thielemans,Toots Thielemans - Bluesette.mp3
East of the Sun (and West of the Moon),South West Cafe Trio,South West Cafe Trio - East of the Sun (and West of the Moon).mp3
It Don't Mean a Thing (If It Ain't Got That Swing) (1990 Remaster),Louis Armstrong,Louis Armstrong - It Don't Mean a Thing (If It Ain't Got That Swing) (1990 Remaster).mp3
Basin Street Blues,Duke Ellington,Duke Ellington - Basin Street Blues.mp3
PERDIDO,Gabito Ballesteros,Gabito Ballesteros - PERDIDO.mp3
Line For Lyons,The Paul Desmond Quintet,The Paul Desmond Quintet - Line For Lyons.mp3
Miles Davis & The Cool,The Gaslight Anthem,The Gaslight Anthem - Miles Davis & The Cool.mp3
Grass Is Greener (feat. SEM),Horizon Blue,Horizon Blue - Grass Is Greener (feat. SEM).mp3
Peace,Oliver Jensen,Oliver Jensen - Peace.mp3
Since I Fell For You,George Benson,George Benson - Since I Fell For You.mp3
I Hear A Rhapsody,Bill Evans,Bill Evans - I Hear A Rhapsody.mp3
Still Crazy After All These Years,Paul Simon,Paul Simon - Still Crazy After All These Years.mp3
Up Jumped Spring,Freddie Hubbard,Freddie Hubbard - Up Jumped Spring.mp3
Polka Dots And Moonbeams,Avishai Cohen,Avishai Cohen - Polka Dots And Moonbeams.mp3
Four In One,Steve Lacy,Steve Lacy - Four In One.mp3
Invitation,Britney Spears,Britney Spears - Invitation.mp3
The Preacher,Jamie N Commons,Jamie N Commons - The Preacher.mp3
"Chopin: 12 Études, Op. 25: No. 1 in A-Flat Major ""Aeolian Harp""",Beatrice Rana,"Beatrice Rana - Chopin_ 12 Études, Op. 25_ No. 1 in A-Flat Major _Aeolian Harp_.mp3"
Lonely Woman,Ornette Coleman,Ornette Coleman - Lonely Woman.mp3
Song For My Father,Horace Silver,Horace Silver - Song For My Father.mp3
Seven Steps to Heaven,Miles Davis,Miles Davis - Seven Steps to Heaven.mp3
You Must Believe In Spring,Bill Evans,Bill Evans - You Must Believe In Spring.mp3
Here's That Rainy Day (Live At Carnegie Hall/1964),Stan Getz,Stan Getz - Here's That Rainy Day (Live At Carnegie Hall_1964).mp3
"Softly, As In A Morning Sunrise (Album Version)",Vince Guaraldi Trio,"Vince Guaraldi Trio - Softly, As In A Morning Sunrise (Album Version).mp3"
Cherokee,Europe,Europe - Cherokee.mp3
Perdido Street Blues,Sidney Bechet,Sidney Bechet - Perdido Street Blues.mp3
All of Me,John Legend,John Legend - All of Me.mp3
Blues Walk,Lou Donaldson,Lou Donaldson - Blues Walk.mp3
It Could Happen To You,Laufey,Laufey - It Could Happen To You.mp3
Goodbye Pork Pie Hat,Charles Mingus,Charles Mingus - Goodbye Pork Pie Hat.mp3
Blues For Alice,Charlie Parker Quintet,Charlie Parker Quintet - Blues For Alice.mp3
All The Things You Are,Robert J Walsh,Robert J Walsh - All The Things You Are.mp3
Skylark,Alain Jean-Marie,Alain Jean-Marie - Skylark.mp3
Christian Woman,Type O Negative,Type O Negative - Christian Woman.mp3
Black No. 1 (Little Miss Scare -All),Type O Negative,Type O Negative - Black No. 1 (Little Miss Scare -All).mp3
Bloody Kisses (A Death in the Family),Type O Negative,Type O Negative - Bloody Kisses (A Death in the Family).mp3
As I Die,Paradise Lost,Paradise Lost - As I Die.mp3
Say Just Words,Paradise Lost,Paradise Lost - Say Just Words.mp3
Crying for Eternity,Paradise Lost,Paradise Lost - Crying for Eternity.mp3
SESSO E SAMBA,Tony Effe,Tony Effe - SESSO E SAMBA.mp3
Wild Honey,Van Morrison,Van Morrison - Wild Honey.mp3
Sleeping Beauty,A Perfect Circle,A Perfect Circle - Sleeping Beauty.mp3
A Dying Wish (Studio),Anathema,Anathema - A Dying Wish (Studio).mp3
Wings of God (Remastered),Anathema,Anathema - Wings of God (Remastered).mp3
Your River,Monolink,Monolink - Your River.mp3
The Cry of Mankind,My Dying Bride,My Dying Bride - The Cry of Mankind.mp3
The Dreadful Hours,My Dying Bride,My Dying Bride - The Dreadful Hours.mp3
A Sea to Suffer In,My Dying Bride,My Dying Bride - A Sea to Suffer In.mp3
Swallowed by the Sea,All Them Witches,All Them Witches - Swallowed by the Sea.mp3
She Is The Dark,My Dying Bride,My Dying Bride - She Is The Dark.mp3
Prince Of Darkness,The Night Eternal,The Night Eternal - Prince Of Darkness.mp3
Full Moon Madness,Moonspell,Moonspell - Full Moon Madness.mp3
Alma Mater,V-Noia,V-Noia - Alma Mater.mp3
Opium (Forest Mix),Hinkstep,Hinkstep - Opium (Forest Mix).mp3
Her Ghost in the Fog,Cradle Of Filth,Cradle Of Filth - Her Ghost in the Fog.mp3
Nymphetamine (Fix) (Live),Cradle Of Filth,Cradle Of Filth - Nymphetamine (Fix) (Live).mp3
Crimson Ghost,Misfits,Misfits - Crimson Ghost.mp3
Progenies of the Great Apocalypse,Dimmu Borgir,Dimmu Borgir - Progenies of the Great Apocalypse.mp3
Mourning Palace,Dimmu Borgir,Dimmu Borgir - Mourning Palace.mp3
Puritania (Remixed & Remastered),Dimmu Borgir,Dimmu Borgir - Puritania (Remixed & Remastered).mp3
Spellbound,Siouxsie And The Banshees,Siouxsie And The Banshees - Spellbound.mp3
Darkness Breeds Immortality,Marduk,Marduk - Darkness Breeds Immortality.mp3
"Death, Come Near Me",Draconian,"Draconian - Death, Come Near Me.mp3"
Heaven's a Lie,Lacuna Coil,Lacuna Coil - Heaven's a Lie.mp3
Comalies,Lacuna Coil,Lacuna Coil - Comalies.mp3
Misery's Crown,Dark Tranquillity,Dark Tranquillity - Misery's Crown.mp3
Svartir Sandar,Sólstafir,Sólstafir - Svartir Sandar.mp3
New Moon,Almunia,Almunia - New Moon.mp3
Bridges,Jerry Folk,Jerry Folk - Bridges.mp3
Dusk and Her Embrace,Cradle Of Filth,Cradle Of Filth - Dusk and Her Embrace.mp3
Allfǫðr Oðinn,Enslaved,Enslaved - Allfǫðr Oðinn.mp3
The March and the Stream,Skepticism,Skepticism - The March and the Stream.mp3
Angel of Distress (Remix 2024),Edge Of Sanity,Edge Of Sanity - Angel of Distress (Remix 2024).mp3
We Hate Everyone,Type O Negative,Type O Negative - We Hate Everyone.mp3
Back to Me (Acoustic),Moonchild,Moonchild - Back to Me (Acoustic).mp3
While We Sleep,Insomnium,Insomnium - While We Sleep.mp3
Down With The Sun,Insomnium,Insomnium - Down With The Sun.mp3
House of Sleep,Amorphis,Amorphis - House of Sleep.mp3
The Last Embrace (Album Version),Curtis Stigers,Curtis Stigers - The Last Embrace (Album Version).mp3
"Toda Noite (feat. Pk, IGOR, OIK, Mello, Neconbeat, DreamHou$e)",Class A,"Class A - Toda Noite (feat. Pk, IGOR, OIK, Mello, Neconbeat, DreamHou$e).mp3"
Nothing Else Matters (Remastered 2021),Metallica,Metallica - Nothing Else Matters (Remastered 2021).mp3
Le mouvement perpétuel (Album Version),Les Discrets,Les Discrets - Le mouvement perpétuel (Album Version).mp3
Solitude,Herbie Hancock,Herbie Hancock - Solitude.mp3
Mirror Mirror,F.HERO,F.HERO - Mirror Mirror.mp3
Goddess of Sodomy,Dark Funeral,Dark Funeral - Goddess of Sodomy.mp3
God Alone,Action Fire) Merciless (feat. Little Hero,Action Fire) Merciless (feat. Little Hero - God Alone.mp3
Against The World,Prince Swanny,Prince Swanny - Against The World.mp3
"The Weeping Tiger (feat. Shallah Raekwon, Ghostface Killer & The RZA)",Cilvaringz,"Cilvaringz - The Weeping Tiger (feat. Shallah Raekwon, Ghostface Killer & The RZA).mp3"
Weary,Solange,Solange - Weary.mp3
The Devil's Bleeding Crown,Volbeat,Volbeat - The Devil's Bleeding Crown.mp3
Howling Silence,Lofi Fruits Music,Lofi Fruits Music - Howling Silence.mp3
Deadlight,Sirenia,Sirenia - Deadlight.mp3
The Sleeper,John Cale,John Cale - The Sleeper.mp3
I Walk the Line,Johnny Cash,Johnny Cash - I Walk the Line.mp3
Crazy,Gnarls Barkley,Gnarls Barkley - Crazy.mp3
I'm So Lonesome I Could Cry (Album Version),Johnny Cash,Johnny Cash - I'm So Lonesome I Could Cry (Album Version).mp3
He Stopped Loving Her Today,George Jones,George Jones - He Stopped Loving Her Today.mp3
Blue Yodel No. 9 (Standin' on the Corner),Jimmy Rodgers,Jimmy Rodgers - Blue Yodel No. 9 (Standin' on the Corner).mp3
Stand By Your Man,Tammy Wynette,Tammy Wynette - Stand By Your Man.mp3
Mama Tried,Merle Haggard,Merle Haggard - Mama Tried.mp3
Jolene,Pierse,Pierse - Jolene.mp3
"Mammas, Don't Let Your Babies Grow Up to Be Cowboys",Waylon Jennings,"Waylon Jennings - Mammas, Don't Let Your Babies Grow Up to Be Cowboys.mp3"
Man of Constant Sorrow,Home Free,Home Free - Man of Constant Sorrow.mp3
I've Got a Tiger By the Tail,Buck Owens & His Buckaroos,Buck Owens & His Buckaroos - I've Got a Tiger By the Tail.mp3
Blue Moon Of Kentucky (One Hand Clapping Sessions),Paul McCartney,Paul McCartney - Blue Moon Of Kentucky (One Hand Clapping Sessions).mp3
Settin' the Woods on Fire,Hank Williams,Hank Williams - Settin' the Woods on Fire.mp3
It Wasn't God Who Made Honky Tonk Angels,Cat Power,Cat Power - It Wasn't God Who Made Honky Tonk Angels.mp3
Wichita Lineman (Remastered 2001),Glen Campbell,Glen Campbell - Wichita Lineman (Remastered 2001).mp3
New San Antonio Rose (Album Version),Asleep At The Wheel,Asleep At The Wheel - New San Antonio Rose (Album Version).mp3
Don't Come Home a Drinkin' (With Lovin' on Your Mind),Tammy Wynette,Tammy Wynette - Don't Come Home a Drinkin' (With Lovin' on Your Mind).mp3
The Gambler,Kenny Rogers,Kenny Rogers - The Gambler.mp3
Take This Job and Shove It,Johnny Paycheck,Johnny Paycheck - Take This Job and Shove It.mp3
Goodbye Earl,The Chicks,The Chicks - Goodbye Earl.mp3
I Saw the Light,Todd Rundgren,Todd Rundgren - I Saw the Light.mp3
Blue Yodel No. 1 (T for Texas),Bob Downen,Bob Downen - Blue Yodel No. 1 (T for Texas).mp3
I Want To Be A Cowboy's Sweetheart,LeAnn Rimes,LeAnn Rimes - I Want To Be A Cowboy's Sweetheart.mp3
$1000 Wedding (2002 Remaster),Gram Parsons,Gram Parsons - $1000 Wedding (2002 Remaster).mp3
Pancho and Lefty,Merle Haggard,Merle Haggard - Pancho and Lefty.mp3
"The Long Black Veil (Live at Folsom State Prison, Folsom, CA 1st Show - January 1968)",Johnny Cash,"Johnny Cash - The Long Black Veil (Live at Folsom State Prison, Folsom, CA 1st Show - January 1968).mp3"
Wabash Cannonball,Johnny Cash,Johnny Cash - Wabash Cannonball.mp3
Dallas,Furax Barbarossa,Furax Barbarossa - Dallas.mp3
Before He Cheats,Carrie Underwood,Carrie Underwood - Before He Cheats.mp3
Springsteen,Eric Church,Eric Church - Springsteen.mp3
Harper Valley P.T.A.,Jeannie C. Riley,Jeannie C. Riley - Harper Valley P.T.A..mp3
El Paso,Marty Robbins,Marty Robbins - El Paso.mp3
Sixteen Tons,Geoff Castellucci,Geoff Castellucci - Sixteen Tons.mp3
Crazy Arms,Ray Price,Ray Price - Crazy Arms.mp3
Lovesick Blues,Madeleine Peyroux,Madeleine Peyroux - Lovesick Blues.mp3
The Race Is On,Sawyer Brown,Sawyer Brown - The Race Is On.mp3
I Fall To Pieces (Single Version),Patsy Cline,Patsy Cline - I Fall To Pieces (Single Version).mp3
Okie From Muskogee,Merle Haggard,Merle Haggard - Okie From Muskogee.mp3
Seven Year Ache,Rosanne Cash,Rosanne Cash - Seven Year Ache.mp3
Money Mullet,The Pill,The Pill - Money Mullet.mp3
Angel from Montgomery (2008 Remaster),Bonnie Raitt,Bonnie Raitt - Angel from Montgomery (2008 Remaster).mp3
D-I-V-O-R-C-E,Tammy Wynette,Tammy Wynette - D-I-V-O-R-C-E.mp3
I Hope You Dance,Lee Ann Womack,Lee Ann Womack - I Hope You Dance.mp3
The Back Door (La porte en arrière),Aly Bain,Aly Bain - The Back Door (La porte en arrière).mp3
Coat of Many Colors,Dolly Parton,Dolly Parton - Coat of Many Colors.mp3
Passionate Kisses,Mary Chapin Carpenter,Mary Chapin Carpenter - Passionate Kisses.mp3
Behind Closed Doors,Rise Against,Rise Against - Behind Closed Doors.mp3
In Color,Jamey Johnson,Jamey Johnson - In Color.mp3
Independence Day,Elliott Smith,Elliott Smith - Independence Day.mp3
King Of The Road,Roger Miller,Roger Miller - King Of The Road.mp3
The Dance,Lambert,Lambert - The Dance.mp3
Wild and Blue,The Steel Woods,The Steel Woods - Wild and Blue.mp3
Songs About Rain,Gary Allan,Gary Allan - Songs About Rain.mp3
FANCY,TWICE,TWICE - FANCY.mp3
Streets of Baltimore (2007 Remaster),Gram Parsons,Gram Parsons - Streets of Baltimore (2007 Remaster).mp3
People Got A Lotta Nerve,Neko Case,Neko Case - People Got A Lotta Nerve.mp3
Don't Let the Green Grass Fool You,Wilson Pickett,Wilson Pickett - Don't Let the Green Grass Fool You.mp3
The Happiest Girl in the Whole U.S.A. (Rerecorded),Donna Fargo,Donna Fargo - The Happiest Girl in the Whole U.S.A. (Rerecorded).mp3
If I Had A Boat,Lyle Lovett,Lyle Lovett - If I Had A Boat.mp3
Desperados Waiting for a Train,The Highwaymen,The Highwaymen - Desperados Waiting for a Train.mp3
She's Actin' Single (I'm Drinkin' Doubles),Gary Stewart,Gary Stewart - She's Actin' Single (I'm Drinkin' Doubles).mp3
Redneck Mother,Ray Wylie Hubbard,Ray Wylie Hubbard - Redneck Mother.mp3
Friends In Low Places,Garth Brooks,Garth Brooks - Friends In Low Places.mp3
Queen Of Hearts,Juice Newton,Juice Newton - Queen Of Hearts.mp3
"Old Dogs, Children And Watermelon Wine",Tom T. Hall,"Tom T. Hall - Old Dogs, Children And Watermelon Wine.mp3"
Smoky Mountain Rain,Ronnie Milsap,Ronnie Milsap - Smoky Mountain Rain.mp3
Redneck Woman,Gretchen Wilson,Gretchen Wilson - Redneck Woman.mp3
Convoy,C.W. McCall,C.W. McCall - Convoy.mp3
Welcome To The Future,KVSH,KVSH - Welcome To The Future.mp3
Every Breath You Take,The Police,The Police - Every Breath You Take.mp3
Love The Way You Lie,Eminem,Eminem - Love The Way You Lie.mp3
Killing Me Softly (feat. Kate Aster),DJ Blighty,DJ Blighty - Killing Me Softly (feat. Kate Aster).mp3
Gangsta's Paradise,Coolio,Coolio - Gangsta's Paradise.mp3
See You Again (feat. Kali Uchis),"Tyler, The Creator","Tyler, The Creator - See You Again (feat. Kali Uchis).mp3"
Stronger,Britney Spears,Britney Spears - Stronger.mp3
Without Me,Eminem,Eminem - Without Me.mp3
Low,SZA,SZA - Low.mp3
Hey Ya!,PLÜM,PLÜM - Hey Ya!.mp3
American Boy,Estelle,Estelle - American Boy.mp3
MONTAGEM FAVELA,PANDA!,PANDA! - MONTAGEM FAVELA.mp3
679 (feat. Monty),Fetty Wap,Fetty Wap - 679 (feat. Monty).mp3
212,Azealia Banks,Azealia Banks - 212.mp3
Shut up My Moms Calling,Hotel Ugly,Hotel Ugly - Shut up My Moms Calling.mp3
Still D.R.E.,Dr. Dre,Dr. Dre - Still D.R.E..mp3
Ready or Not,Fugees,Fugees - Ready or Not.mp3
My Name Is,Eminem,Eminem - My Name Is.mp3
The Next Episode,Dr. Dre,Dr. Dre - The Next Episode.mp3
Live Your Life,T.I.,T.I. - Live Your Life.mp3
Black Widow,Iggy Azalea,Iggy Azalea - Black Widow.mp3
Changes (2021 Remaster),Black Sabbath,Black Sabbath - Changes (2021 Remaster).mp3
All Of The Lights,Kanye West,Kanye West - All Of The Lights.mp3
Jump Around,House Of Pain,House Of Pain - Jump Around.mp3
Regulate,Warren G,Warren G - Regulate.mp3
Feelin' Myself,will.i.am,will.i.am - Feelin' Myself.mp3
Ghetto Gospel,2Pac,2Pac - Ghetto Gospel.mp3
Ms. Jackson,OutKast,OutKast - Ms. Jackson.mp3
Smack That (Clean),Akon,Akon - Smack That (Clean).mp3
Frisky,Dominic Fike,Dominic Fike - Frisky.mp3
Crank That (Soulja Boy),Soulja Boy Tell'em,Soulja Boy Tell'em - Crank That (Soulja Boy).mp3
Black and Yellow,Wiz Khalifa,Wiz Khalifa - Black and Yellow.mp3
Downtown,Petula Clark,Petula Clark - Downtown.mp3
"Sucker for Pain (with Logic, Ty Dolla $ign & X Ambassadors)",Lil Wayne,"Lil Wayne - Sucker for Pain (with Logic, Ty Dolla $ign & X Ambassadors).mp3"
99 Problemas,Duquesa,Duquesa - 99 Problemas.mp3
Ride Wit Me,Nelly,Nelly - Ride Wit Me.mp3
I Need A Doctor,Dynoro,Dynoro - I Need A Doctor.mp3
Run This Town,JAY-Z,JAY-Z - Run This Town.mp3
Nothin' on You (feat. Bruno Mars),B.o.B,B.o.B - Nothin' on You (feat. Bruno Mars).mp3
Holy Grail,JAY-Z,JAY-Z - Holy Grail.mp3
Forgot About Dre,Dr. Dre,Dr. Dre - Forgot About Dre.mp3
(Drop Dead) Beautiful (feat. Sabi),Britney Spears,Britney Spears - (Drop Dead) Beautiful (feat. Sabi).mp3
"Nasty Girl (feat. Diddy, Nelly, Jagged Edge & Avery Storm) (2007 Remaster)",The Notorious B.I.G.,"The Notorious B.I.G. - Nasty Girl (feat. Diddy, Nelly, Jagged Edge & Avery Storm) (2007 Remaster).mp3"
21 Seconds,So Solid Crew,So Solid Crew - 21 Seconds.mp3
Summer Love,Justin Timberlake,Justin Timberlake - Summer Love.mp3
Ayo Technology,50 Cent,50 Cent - Ayo Technology.mp3
Candy Shop,50 Cent,50 Cent - Candy Shop.mp3
Coming Home,Diddy - Dirty Money,Diddy - Dirty Money - Coming Home.mp3
Mockingbird,Eminem,Eminem - Mockingbird.mp3
The Power Of Love,Huey Lewis & The News,Huey Lewis & The News - The Power Of Love.mp3
Jumpman,Drake,Drake - Jumpman.mp3
Trouble,Coldplay,Coldplay - Trouble.mp3
Rap God,Eminem,Eminem - Rap God.mp3
Oopsy Daisy,PP Krit,PP Krit - Oopsy Daisy.mp3
Black Skinhead,Kanye West,Kanye West - Black Skinhead.mp3
Love Lockdown (Album Version),Kanye West,Kanye West - Love Lockdown (Album Version).mp3
When I'm Gone,Alesso,Alesso - When I'm Gone.mp3
