track_id,title,artist,genre
TRAAAAW128F429D538,I Didn't Mean To,Casual,"hip hop, underground rap, g funk, alternative rap, gothic rock"
TRAAABD128F429CF47,Soul Deep,The Box Tops,"blue-eyed soul, pop rock, blues-rock, beach music, soft rock"
TRAAADZ128F9348C2E,Amor De Cabaret,Sonora Santanera,"salsa, cumbia, tejano, ranchera, latin pop"
TRAAAEF128F4273421,Something Girls,Adam Ant,"pop rock, new wave, dance rock, rock, new romantic"
TRAAAFD128F92F423A,Face the Ashes,Gob,"pop punk, ska punk, breakcore, alternative metal, punk pop"
TRAAAMO128F1481E7F,The Moon And I (Ordinary Day Album Version),Jeff And Sheri Easter,"southern gospel, bluegrass, gospel, ballad, california"
TRAAAMQ128F1460CD3,Keepin It Real (Skit),Rated R,"breakbeat, dirty south rap, hip hop, electronic, trance"
TRAAAPK128E0786D96,Drop of Rain,Tweeterfriendly Music,"post-hardcore, screamo, emo, hardcore, punk revival"
TRAAARJ128F9320760,Pink World,Planet P Project,"new wave, progressive rock, space rock, eurodance, hard rock"
TRAAAVG12903CFA543,Insatiable (Instrumental Version),Clp,"breakcore, miami bass, new rave, grime, breakbeat"
TRAAAVO128F93133D4,Young Boy Blues,JennyAnyKind,"alternative rock, indie rock, rock, alternative pop rock, alternative"
TRAABCL128F4286650,The Urgency (LP Version),Wayne Watson,"ccm, religious music, los angeles, christian rock, pop"
TRAABDL12903CAABBA,La Culpa,Andy Andy,"bachata, merengue, reggaeton, latin pop, spanish"
TRAABJL12903CDCF1A,Auguri Cha Cha,Bob Azzam,"chanson, latin jazz, soul jazz, soft rock, jazz funk"
TRAABJV128F1460C49,Tonight Will Be Alright,Lionel Richie,"quiet storm, soft rock, pop, urban, adult contemporary"
TRAABLR128F423B7E3,Floating,Blue Rodeo,"country rock, heartland rock, pop rock, folk rock, psychedelic rock"
TRAABNV128F425CEE1,High Tide,Richard Souther,"chill-out, smooth jazz, orchestra, jazz, celtic"
TRAABRB128F9306DD5,Sohna Nee Sohna Data,Faiz Ali Faiz,"qawwali, meditation, world music, world fusion, ethnic"
TRAABVM128F92CA9DC,Caught In A Dream,Tesla,"hard rock, heavy metal, blues-rock, classic rock, garage rock"
TRAABXG128F9318EBD,Synthetic Dream,lextrical,"indietronica, lo-fi, experimental, instrumental"
TRAABYN12903CFD305,Broken-Down Merry-Go-Round,Jimmy Wakely,"classic country, western swing, blues-rock, country music, blues"
TRAABYW128F4244559,Kassie Jones,Alice Stuart,"electric blues, blues, country blues, blues-rock, folk rock"
TRAACCG128F92E8A55,Setanta matins,Elena,"uk garage, pop folk, jazz fusion, chalga, jazz"
TRAACER128F4290F96,Setting Fire to Sleeping Giants,The Dillinger Escape Plan,"math-core, grindcore, hardcore punk, tech metal, punk metal"
TRAACFV128F935E50B,James (Hold The Ladder Steady),SUE THOMPSON,"pop rock, soft rock, blues-rock, doo-wop, chanson"
TRAACHN128F1489601,Made Like This (Live),Five Bolt Main,"post-grunge, alternative metal, nu metal, hard rock, alternative rock"
TRAACIW12903CC0F6D,Superconfidential,Clp,"breakcore, miami bass, new rave, grime, breakbeat"
TRAACLV128F427E123,I Think My Wife Is Running Around On Me (Taco Hell),Tim Wilson,"filk, comedy, spoken word, country, funny"
TRAACNS128F14A2DF5,Spanish Grease,Willie Bobo,"latin jazz, jazz funk, boogaloo, soul jazz, salsa"
TRAACOW128F933E35F,Crazy Mixed Up World,Faye Adams,"jump blues, east coast blues, piano blues, blues, r&b"
TRAACPE128F421C1B9,Do You Finally Need A Friend,Terry Callier,"soul jazz, future jazz, smooth jazz, acid jazz, jazz funk"
TRAACQT128F9331780,The Emperor Falls,John Wesley,"disco, calypso, reggae, hard trance, dub"
TRAACSL128F93462F4,Twist and Shout,The Shangri-Las,"doo-wop, ballad, pop rock, rock steady, soft rock"
TRAACTB12903CAAF15,It Makes No Difference Now,Billie Jo Spears,"classic country, motown, oldies, rockabilly, traditional country"
TRAACVS128E078BE39,Laws Patrolling (Album Version),Mike Jones (Featuring CJ_ Mello & Lil' Bran),"rap, hip hop, classic, hardcore rap, southern rap"
TRAACZK128F4243829,¿Dónde va Chichi?,Sierra Maestra,"charanga, salsa, latin jazz, rumba, bolero"
TRAADDS128F425C68B,"Barking Dogs (From ""Piouhgd"")",Butthole Surfers,"noise rock, experimental, punk, psychedelic, college rock"
TRAADED128F42741FD,OUTE ENA EFHARISTO,Despina Vandi,"dance pop, british pop, modern laika, eurodance, club"
TRAADEV128F9348C0A,Midnight Swim,Javier Navarrete,"orchestra, chill-out, soundtrack, modern classical, classical"
TRAADHS12903CE70A9,In A Subtle Way,Jacob Young,"cool jazz, free jazz, soul jazz, country rock, jazz"
TRAADIV12903CB15C1,Spin,Scarlet's Remains,"gothic metal, deathrock, horror punk, neofolk, gothic rock"
TRAADLH12903CA70EE,Burning In The Aftermath,The Suicide Machines,"ska punk, post-grunge, skacore, ska, skate punk"
TRAADLN128F14832E9,Angie (1993 Digital Remaster),The Rolling Stones,"blues, hard rock, rock, england, london"
TRAADLR12903CF8D7E,Sabor Guajiro,Roberto Torres,"salsa, charanga, vallenato, latin jazz, samba"
TRAADLX128F1469250,Human Cannonball,Loudon Wainwright III,"modern rock, singer-songwriter, folk, rock, vocal"
TRAADMH128F9343E59,Glory Be,R.L. Burnside,"delta blues, blues-rock, electric blues, blues, juke joint blues"
TRAADNA128F9331246,Crossfire,Stevie Ray Vaughan,"texas blues, blues, blues-rock, modern electric blues, rock"
TRAADOF12903CAA1C1,I Can't Be Satisfied,John Hammond,"blues, blues-rock, motown, chicago blues, rockabilly"
TRAADQX128F422B4CF,Nashville Parthenon,Casiotone For The Painfully Alone,"trip hop, indietronica, electro, neofolk, indie rock"
TRAADRN128F932D607,Cocain Ducks,Ec8or,"hardcore techno, digital hardcore, breakcore, industrial metal, gabba"
TRBFNEE128F425C676,Human Being,The New York Dolls,"glam rock, hard rock, protopunk, rock 'n roll, blues-rock"
TRAADYB128F92D7E73,The More I See You,Eliane Elias,"brazilian jazz, latin jazz, hard bop, jazz funk, vocal jazz"
TRAADYI128E078FB38,Certain Things We Do,Lost Boyz,"gangster rap, g funk, hip hop, east coast hip hop, rap"
TRAAEAM128F934B199,Forming,The Germs,"rock, punk, los angeles, grunge, southern rock"
TRAAEDJ12903CCE390,Mafuá,Yamandu Costa,"brazilian jazz, brazilian pop music, choro, jazz, brazilian"
TRAAEEH128E0795DFE,Driving Home For Christmas,Chris Rea,"soft rock, blues-rock, pop rock, country rock, singer-songwriter"
TRAAELO128F9302DD1,Spooks In Space,Perrey And Kingsley,"easy listening, jazz funk, space age pop, big beat, electronic"
TRAAEMJ128F425A917,Tous Les Garçons Et Les Filles,Eurythmics,"dance rock, new wave, synthpop, rock, pop"
TRAAENC128F1451DE9,Too Much Saturn,Francis Dunnery,"singer-songwriter, art rock, soundtrack, progressive rock, pop rock"
TRAAENP128F147BF32,Movement 4 [from Kiss] (Album Version),John Cale,"experimental rock, art rock, experimental, alternative, indie"
TRAAEOU128F9309DE0,Stream,Suzanne Ciani,"meditation, chill-out, downtempo, new age, easy listening"
TRAAERU128F930674F,Make Me Over,Vickie Winans,"ccm, soul jazz, hip hop, italian disco, trip hop"
TRAAEUB12903CDD3EA,Deform (live),The Berzerker,"speedcore, grindcore, gabba, death metal, breakcore"
TRAAEWG128F930B3A4,Wicker Chair,Kings Of Leon,"southern rock, alternative rock, rock, nashville, american trad rock"
TRAAEXM128F92D47C8,An ti chans',Edith Lefel,"zouk, merengue, kizomba, zouklove, reggae"
TRAAFEB128F92F8694,I Will Love Again (JJ's Club Radio),Taras,"trance, electronic, dance, house, techno"
TRAAFJW128F428A424,Stickin In My Eye,NOFX,"punk, rock, alternative punk rock, punk pop, skate punk"
TRAAFKJ12903D02552,Ota kiinni,Murskahumppa,"suomi rock, humppa, hardcore punk, finish, punk"
TRAAFMS128F933AB23,Entre Caníbales,Soda Stereo,"rock, latin pop, ska, reggae, rap"
TRAAFON128F42926FB,Rosemary Recalls,Bruce Rowland,"easy listening, chill-out, soundtrack, orchestra, classical"
TRAAFRU128F9339158,Sudanese Dance,Xcultures,"gabba, happy hardcore, world beat, chill-out, disco"
TRAAFSM128F425A2C5,Where The Thunder Roars (Tales Of Wonder Album Version),White Heart,"ccm, christian rock, contemporary christian, pop rock, hard rock"
TRAAFUJ128F933F42B,Wanna Be A Player,Heavy D / McGruff,"pop rap, hip hop, new jack swing, broken beat, europop"
TRAAFYL128E07856A7,Panama (Remastered Album Version),Van Halen,"heavy metal, hard rock, rock, album rock, soundtrack"
TRAHKLC12903CC632E,Let's Get It Started,Black Eyed Peas,"hip hop, rap, funk, r&b, pop"
TRAAGEC128E079252C,Metal,Nine Inch Nails,"industrial metal, alternative metal, industrial rock, alternative rock, rock"
TRAAGGE128F9325E2C,She Fell Away (2009 Digital Remaster),Nick Cave & The Bad Seeds,"rock, alternative, soundtrack, guitar, piano"
TRAAGHM128EF35CF8E,Next Time,Nadine Renee,"freestyle, disco, hard house, dance pop, progressive trance"
TRARBGR128F42264D1,It's My Party,Lesley Gore,"brill building pop, oldies, ballad, soft rock, motown"
TRAAGKF128F932D5A2,Complicate It,Smartbomb,"melodic hardcore, post-grunge, hardcore punk, punk, hardcore"
TRAAGKQ128F92EAF39,Monde De Fou,Suburbs,"british pop, new romantic, chill-out, string quartet, power pop"
TRAAGKS128F9314884,Opus a Satana (Part 2),Emperor,"heavy metal, black metal, sympho black metal, hard trance, death metal"
TRAAGMJ12903CAD7D4,This Melody (Live),Julien Clerc,"chanson, ballad, pop, disco, blues-rock"
TRAAGNL128F4299BF1,I'm Gone This Time,Glen Campbell,"country rock, soft rock, pop rock, folk rock, ballad"
TRAAGOH128F42593CE,You Feel Good All Over,T.G. Sheppard,"country rock, rock, country, country pop, folk"
TRAAGPF12903CE027E,Indian Love Call,Slim Whitman,"folk-pop, country rock, pop rock, classic country, ballad"
TRAAGPH128F4273C8D,You Can Still Be Free,Savage Garden,"easy listening, pop, rock, adult contemporary, ballad"
TRAAGPJ128F428CD1B,I Never Came,Queens Of The Stone Age,"stoner metal, alternative metal, heavy metal, hard rock, rock"
TRAAGUA128F93236E8,Dixie,Hank Penny & The Lincoln Penny Orchestra,"western swing, classic country, jazz, country, folk"
TRALDWN128EF33FB6E,Commercial Reign,Inspiral Carpets,"indie rock, psychedelic rock, madchester, dance rock, rock"
TRAAGVM128E0784D95,Hourglass,Borialis,"rap rock, rapcore, funk metal, nu metal, hip hop"
TRAAGXN128F92DE52C,Wake,The Dirty Skirts,"indie rock, singer-songwriter, indie, sxsw 2007, south african"
TRAAGZU128EF360F47,Caricia Y Herida,Flor Silvestre,"ranchera, mexico, los angeles, folk, latin"
TRAAHDH128F93094B6,Le tortillard,Bézu,"chanson, bossa nova, black metal, pop, electronic"
TRAAHEG128E07861C3,WKYA (drop),Redman,"hip hop, rap, hardcore rap, east coast rap, funk"
TRAAHEH128F427FCEF,Teräslintu,Solistiyhtye Suomi,"german pop, humppa, polka, patriotic, folk"
TRAAHEQ128F93057B4,Now's The Time To Fall In Love,Eddie Cantor,"easy listening, vaudeville, ragtime, jazz, world music"
TRAAHER128F92E3FE9,Grim Prospects (Gross Prospects - Bad Trip Remix),Schizoid,"breakcore, grindcore, breakbeat, digital hardcore, gabba"
TRAAHJX128F9312B83,Mangos,Kai Winding,"hard bop, bebop, latin jazz, jazz, funk"
TRAAHKE128F421389B,A Distant Voice,Sonny Simmons,"free jazz, jazz, los angeles, free music, free improvisation"
TRAAHMO128F92DE7C9,Openbare Weg,Mira,"shoegaze, dream pop, rock, dark wave, slow core"
TRAAHPZ12903CB4643,President Johnson,Citizen Kaned,"chill-out, dub, progressive trance, downtempo, electronic"
TRAAHRF128F92FE234,Lead Me Lord,The Brooklyn Tabernacle Choir,"gospel, black gospel, contemporary gospel, contemporary christian, christian"
TRAAHTH12903CCFFE1,Spontanous Combustion,Ellen McIlwaine,"blues-rock, jazz funk, latin jazz, country blues, future jazz"
TRAAHVY128F92E25D6,Choro,Vince Guaraldi / Bola Sete,"latin jazz, chamber jazz, soul jazz, jazz funk, jazz fusion"
TRAAHXN128F9326097,Ma Louise,Maurice Chevalier,"chanson, latin jazz, cabaret, ballad, jazz"
TRAAHYV128F932A425,I Want You (Forever),Carl Cox Vs Yousef,"tech house, progressive house, techno, electronica, acid house"
TRAAHZP12903CA25F4,Hate,Organized Konfusion,"hip hop, chill-out, east coast hip hop, jazz rap, trip hop"
TRAAIAE128F42AC53D,I Can't Stop Loving You,Martina McBride,"country, country music, pop, acoustic, contemporary country"
TRAAIAN12903CFF16D,Thank You Lord,Horace Andy,"roots reggae, lovers rock, dub, reggae, trip hop"
TRAAIAX128F930531B,How Can You Call That Beautiful (Stewkey Vocal),Nazz,"freakbeat, close harmony, garage rock, psychedelic rock, power pop"
TRAAIBB12903CECB35,Cheatin' In The Next Room,Tyrone Davis,"chicago soul, disco, southern soul, funk, northern soul"
TRAAIDY128F92CA454,Candy Man,Hot Tuna,"blues-rock, blues, folk rock, psychedelic rock, rock"
TRAAIFG12903CB0BCB,I See The Boys Of Summer,Richard Burton,"jazz fusion, jam band, improvisational, jazz, synthpop"
TRAAIGD12903CA2F3C,Three Is a Crowd,Rory Block,"delta blues, blues, ballad, country blues, folk rock"
TRAAIHL128F92E6DDA,On Bended Knee,Boyz II Men,"new jack swing, urban, soul, adult contemporary, ballad"
TRAAIIE128F4288BB1,My Four Reasons,Howard Armstrong,"piedmont blues, country blues, blues, folk, tin pan alley"
TRAAIII128F427D5D8,Little Girl (LP Version),Donny Hathaway,"jazz funk, soul jazz, bossa nova, funk, chicago soul"
TRAAILM128F93480BB,Eternamente Amame,Miguel Gallardo,"male vocalist, latin pop, mexico, latin, los angeles"
TRAAINT128F933BBE0,Niev nietch nievitch,Les Ogres De Barback,"chanson, gypsy jazz, chill-out, musette, ska"
TRAAIRG128F93265E8,Come Over,DJ X-Change featuring DJ Joey A,ghetto tech
TRAAIXN128F428027A,Blue Taxi,Morel,"dance pop, tech house, progressive house, progressive trance, electronic"
TRAAIXU128F4241E5C,I Want Love (Tween You & Me) (Album Version),Tony Joe White,"country rock, blues-rock, swamp pop, southern rock, outlaw country"
TRAGRRP12903CD2911,White Feather,Wolfmother,"stoner metal, alternative metal, heavy metal, hard rock, rock"
TRAAJAC128F148B530,Christlike Roche,The Roches,"singer-songwriter, folk-pop, close harmony, folk rock, contemporary folk"
TRAAJBU128F9326C02,You Rascal You,Bob Margolin,"blues-rock, chicago blues, massachusetts, blues, classic rock"
TRAAJBU12903CE2831,Sympathy,Thomas Battenstein,guitar
TRAAJEK128F422F55A,They Say (Album),Jupiter Rising,"pop rap, electropop, hip hop, downtempo, urban"
TRAAJEK12903CE351A,Simon's Folly,Dharma Bums,"progressive house, breakbeat, hard trance, techno, trance"
TRAAJJA12903CC518A,Crawl Before You Ball (Album Version),Saafir,"hip hop, hardcore hip hop, rap, underground hip hop, underground rap"
TRAAJJG128F4284B27,Medicate Myself,The Verve Pipe,"post-grunge, pop rock, indie rock, modern rock, british pop"
TRAAJJV128F42A2F99,Biding Her Time,Bob Neuwirth,"singer-songwriter, oldies, blues, world fusion, folk"
TRAAJMH128E0785407,More And More  (LP Version),Marvin Sapp,"gospel, male vocalist, r&b, christian, urban"
TRAAJNM12903CF4750,Cowboy Ways,James Hunter,"blue-eyed soul, jazz funk, smooth jazz, blues-rock, r&b"
TRAAJSX128F4275A1D,Brasas Vivas,Nelson Ned,"latin jazz, mariachi, brazilian pop music, karaoke, thrash metal"
TRAAJVJ128F42570AD,Kolomeyke,Mish Mash,"vocal house, hard house, funky house, progressive house, club"
TRAAJXQ128F92E65BF,In This Life,Cama,"los angeles, pop rock, reggae, frevo, cumbia"
TRAAJYX128F4255568,Groovin' In The Midnight,Maxi Priest,"lovers rock, pop rap, reggae, hip hop, dancehall"
TRAAKAS128F4246013,Waiting,Porcupine Tree,"experimental rock, art rock, post rock, experimental, ambient"
TRAAKAV128F931BE25,A'chek Ouyounik (2009 Digital Remaster),Ragheb Alama,"arabesque, flamenco, samba, deep house, disco"
TRAAKDF128F92FA302,Hell,Foo Fighters,"grunge, alternative rock, hard rock, rock, seattle"
TRAAKDG128F42A0ECB,Hips Don't Lie (featuring Wyclef Jean),Shakira Featuring Wyclef Jean,"dance pop, pop, latin, urban, adult contemporary"
TRAAKJJ128F4228346,Juoksuhauta-twist (Elämä juoksuhaudoissa),The Avengers,"rock, garage rock, punk, new wave, hardcore punk"
TRAAKNS12903CC5198,I Got Over It (Album Version),Robben Ford,"blues-rock, jazz blues, soul blues, latin jazz, blues"
TRAAKQS128F4224DE1,One Less Bell To Answer,Brazilian Tropical Orchestra,"bossa nova, orchestra, latin jazz, easy listening, disco"
TRAAKSB128F934D73A,Festa,Gil Semedo,"zouk, kizomba, island music, zouklove, r&b"
TRAAKTK128F9343DCC,Te Hacen Falta Vitaminas,Soda Stereo,"rock, latin pop, ska, reggae, rap"
TRAAKVA128F934E69E,Sense And Trick,Xmilk,"thrash core, hardcore punk, punk, hardcore, old school"
TRAAKVD12903CE8474,Fire (Oscar G Space Vocal Mix),Dolce; Oscar G.,"folk-pop, folk, female vocalist, rock, acoustic"
TRAAKVZ12903D074BB,Hanging On (Medium Key Performance Track Without Background Vocals),Britt Nicole,"ccm, pop rock, soft rock, christian music, grindcore"
TRAAKXN128F92E71B1,Grim Prospects (Version 2 Remix),Schizoid,"breakcore, grindcore, breakbeat, digital hardcore, gabba"
TRAALCM128F4264370,Christmas In Jamaica,Toni Braxton Featuring Shaggy,"dance pop, rock, urban, adult contemporary, club"
TRAALDU128F930D56B,Gossippo Perpetuo,Perrey And Kingsley,"easy listening, dubstep, jazz funk, big beat, space age pop"
TRAALEO128F42A7AEA,2190 Dias Contigo,Sven Tasnadi,"tech house, deep house, techno, broken beat, italian disco"
TRAALHD12903D0BD6A,No Control,Eddie,"frevo, samba, banda, rockabilly, bossa nova"
TRAALNG12903D014E9,The Vitalized Shell,Enthroned,"black metal, heavy metal, rock, blackened death metal, extreme metal"
TRAALRZ128F429024E,Mozart,Suzanne Ciani,"meditation, chill-out, downtempo, new age, easy listening"
TRAALSV128F4282B9B,Ciao Milan,Milan Band,"serialism, contemporary classical music, minimal"
TRAALUX12903CFD50B,Lend Me Your Chopper,Johnny Osbourne,"roots reggae, dancehall, reggae, lovers rock, dub"
TRAALZC128F92E11A6,Letter To Heaven,Dolly Parton,"bluegrass, singer-songwriter, female vocalist, country, pop"
TRAALZN128F932D457,Heaven is Where The Heart Is,Rance Allen Group,"jazz funk, soul jazz, funk, disco, latin jazz"
TRAAMES128F42AF068,Inside Job,Pearl Jam,"grunge, hard rock, rock, alternative rock, alternative"
TRAAMFG128F92FDEA2,Take A Look  (LP Version),Natalie Cole,"vocal jazz, quiet storm, jazz, pop, rock"
TRAAMFT128F93128AD,The Czar: Usurper/Escape/Martyr/Spiral (Album Version),Mastodon,"alternative metal, power metal, post-hardcore, progressive metal, heavy metal"
TRAAMGJ12903CD315C,Bulgarian Dream,Kiril Valeri,"flamenco, rumba, ska punk, folk rock, pop rock"
TRAAMII128F933B583,Amalgama,Word,"blues-rock, jazz blues, downtempo, easy listening, intelligent dance music"
TRAAMJY128F92F5919,Born and Raised In Compton,DJ Quik,"gangster rap, hip hop, g funk, broken beat, trip hop"
TRAAMKI128F428537A,We're Gonna Go Fishin',Hank Locklin,"honky tonk, country rock, ballad, chanson, classic country"
TRAAMKL128F9347D8A,Robbers Kill Cop,BT,"electronica, rock, ambient, alternative, club"
TRAAMKP12903CC74F4,Relax,2-4 Grooves feat. Reki D.,"vocal house, disco house, club, eurodance, electro"
TRAAMKW128F4249CF0,Sweet By And By,The Jordanaires,"country gospel, classic country, rockabilly, oldies, christmas music"
TRAAMPA128F92E7D0D,Orgofart,Descendents,"hardcore punk, rock, punk, progressive, los angeles"
TRAAMSO128EF348DCC,Bitch Is Back,L.A. Guns,"heavy metal, hard rock, glam rock, glam metal, rock"
TRAAMXP128F4264F6A,Naked Albino,Bare Jr.,"post-grunge, alternative country, hard rock, male vocalist, alternative rock"
TRAAMYQ128F148B753,Johnny Loves Me (LP Version),Shelley Fabares,"brill building pop, all-female, pop rock, country rock, blue-eyed soul"
TRAAMZB12903CAB002,Dearly Beloved,Norrie Paramor,"easy listening, pop, classical, jazz, rock"
TRAAMZR128F9315DCC,The Look Of Love,Gary Hobbs,"tejano, latin pop, classic, jazz, singer"
TRAANBH128F9345A6C,Cooler Than You,Diesel Boy,"pop rock, pop punk, rock, punk, skate punk"
TRAANKK128F42531BC,Taryns Deepest Fear,Angelo Badalamenti,"chill-out, soundtrack, symphony, neoclassical, dark ambient"
TRAANLO128F422AE37,Summer Dying Fast,Cradle Of Filth,"sympho black metal, black metal, heavy metal, death metal, metal"
TRAANLZ128F934EC42,Still,Jim Chappell,"chamber jazz, smooth jazz, chill-out, new age, easy listening"
TRAANMF12903CEAFEF,Snapshot,Ladybug,"dancehall, italian disco, dubstep, breakbeat, dub"
TRAANRI12903CD0A9C,End Of The Road (Head Hornys Remix),Bandido,"hard house, hard trance, italian disco, eurodance, breakbeat"
TRAANTD128F9323B23,7 Miles,Brixx,"rap, hip hop, pop, german, freestyle"
TRAANTZ128E0792529,The Frail,Nine Inch Nails,"industrial metal, alternative metal, industrial rock, alternative rock, rock"
TRAAODT12903D0D16E,Para Milladoiro,Susana Seivane,"gaita, celtic, folk, traditional, instrumental"
TRAAOEH128F426A82F,Stone Cold Fingers (Bonus Track),Leland Martin,"honky tonk, massachusetts, country, traditional country, electronic"
TRAAOIN128F9303790,Snowball,Test Icicles,"grime, indie rock, garage rock, dance-punk, electro"
TRAAOJI128F1458DCD,(We Don't Need This) Fascist Groove Thang,Heaven 17,"new romantic, dance rock, italian disco, new wave, electronic"
TRAAOPW128F428AE31,Drunk Alone,React,"happy hardcore, europop, progressive house, neo soul, kraut rock"
TRAAORY128F934984F,Charisma,Sven Tasnadi,"tech house, deep house, techno, broken beat, italian disco"
TRAAOTD128F42322FC,Going Down Slow,Mance Lipscomb,"texas blues, country blues, blues, delta blues, blues-rock"
TRAAOTT128F14AE002,All Rise,Scott Wesley Brown,"modern rock, rock, inspirational, gospel, christian"
TRAAOTT128F9342E04,Jogo Limpo,Flávio José,"brazil, forro, gaita, north east, world reggae"
TRAAOXM12903CFB3B0,Silent Hill,Moss,"future jazz, trip hop, downtempo, acid jazz, drone doom metal"
TRAAOYG128F9314996,Our Love Is Here To Stay,Pery Ribeiro,"bossa nova, brazilian pop music, samba, latin, jazz"
TRAAPCC128F42519A7,Everything Changes,Soular,"breakbeat, broken beat, funk rock, post rock, shoegaze"
TRAAPFQ128F42684DB,Master Of Disharmony,Dimmu Borgir,"black metal, death metal, heavy metal, metal, extreme metal"
TRAAPGF128F1458F8B,(This Is Not A) Love Song (Live),Public Image Ltd,"dance rock, alternative dance, experimental rock, noise rock, madchester"
TRAAPIV128F1493132,What Are We Here For,Gary Moore,"blues-rock, hard rock, pop rock, soft rock, blues"
TRAAPLS12903CB2D40,Une petite pause,Pascal Sangla,french pop
TRAAPPQ128F14961F5,Wig,The B-52's,"dance rock, jangle pop, dance pop, new wave, pop rock"
TRAAPQQ128F427C750,Perasmena Mesanihta,Dakis,greek
TRAAPSQ12903CAE86A,God Save the Queen (Live),Sex Pistols,"punk, italy, british punk rock, soundtrack, progressive rock"
TRARZKD128F425D64D,Forever,Chris Brown,"r&b, hip hop, rap, urban, blues"
TRAAPWD128F931ACD4,Sun Is Shining,Deekline & Wizard,"breakbeat, uk garage, electro, nu breaks, grime"
TRAAPXK128F934DF25,New Age,Daniela Dessì,"opera, los angeles, requiem"
TRAAQBF12903CF796B,Have Yourself A Merry Little Christmas,Hem,"folk-pop, easy listening, alternative country, countrypolitan, folk"
TRAAQCK128F92E8C33,U Killed It,Lily Allen,"ska, pop, england, london, electropop"
TRAAQDJ128F92F95E0,Rain And Snow,Pentangle,"british invasion, chill-out, celtic rock, folk rock, celtic"
TRAAQDL12903CA8FB5,Gerra De De,DJ Dips,"turnablism, folk, dj"
TRAAQEV12903CB5459,Kako mi je pitas sad,Ana Bekuta,"pop folk, turbo folk, disco, serbia, folk"
TRAAQFC128F425ED83,Voices On The Corner,Jason Miles,"jazz fusion, hard bop, smooth jazz, meditation, instrumental pop"
TRAAQIH128F428BDEA,(Bloody Paw On The) Kill Floor,Busdriver,"alternative hip hop, turnablism, underground rap, indie rock, trip hop"
TRAAQLE128F424AE71,I Wish My Mother Was Here,Byther Smith,"chicago blues, electric blues, delta blues, blues-rock, blues"
TRAAQLJ128F428E870,Inolvidable,Bebo & Cigala,"latin jazz, flamenco, bolero, bossa nova, world music"
TRAAQOH128F4265CE6,Miracle,Bizarre Inc,"breakbeat, pop rap, techno, deep house, progressive house"
TRAAQPS128F429161D,Witch Weed (Live),Bongzilla,"stoner metal, sludge metal, doom metal, heavy metal, stoner rock"
TRAAQUC128F9322A82,Not Buried Deep Enough,The Gone Jackals,"blues-rock, video game music, heavy metal, grindcore, hard rock"
TRAAQUF12903CDF4A4,Give Me 40 Acres (To Turn This Rig Around),The Willis Brothers,"western swing, bluegrass, traditional country, country, classic"
TRAAQWF128F92D1AAD,Ernesto Nazareth,Laurindo Almeida / Carlos Barbosa-Lima / Charlie Byrd,"latin jazz, brazilian jazz, bossa nova, samba, tango"
TRAAQYN128F92ED77E,The Cube (Live),S.U.P,"doom metal, progressive metal, death metal, heavy metal, metal"
TRAAQYU12903CE68CE,Get Back Down,Boogie Pimps,"hard house, progressive house, hard trance, trance, tech house"
TRAAQZF12903CEDCB8,Battle Of The Rosebud / Cries,Brian Keane,"world beat, smooth jazz, world music, country, folk"
TRAAQZQ128EF35C51A,Beyond the Light,Aberdeen,"twee pop, pop rock, indie rock, rock, indie pop"
TRAARHS128F931689D,Spaceman,The Killers,"rock, alternative, rave, disco, new wave"
TRAARRG12903CDB456,Pulecenella 'e mò,Gloriana,"teen pop, country rock, country music, female vocalist, country"
TRAARSF12903CD1B12,Iskorosten' (instr.),Butterfly Temple,"doom metal, viking metal, folk metal, death metal, heavy metal"
TRAARUN128F932B1A0,Big Stax/High Volts (Album Version),Grant Geissman,"smooth jazz, jazz fusion, instrumental pop, hard bop, jazz"
TRAASDM12903CD474E,It Goes On,20/20,"power pop, pop rock, new wave, rock, hip hop"
TRAASEO128F9337C48,Pecado De Amor,José Augusto,"latin pop, brazilian, male vocalist, rock, pop"
TRAASFP128F42980BD,Illuminate,Orbital,"techno, intelligent dance music, electronica, ambient, england"
TRAASGM128EF34DBB0,Never Forget Me,Bone Thugs-N-Harmony / Akon,"gangster rap, rap, hardcore rap, west coast rap, cleveland"
TRAASIG128F92C3A6B,Ukkosenjumalan poika,Moonsorrow,"viking metal, sympho black metal, doom metal, tech house, black metal"
TRAASKO128F427CE1C,A B***** Is A B***** (Edited),N.W.A.,"gangster rap, rap, hardcore rap, west coast rap, los angeles"
TRAASKQ128F4265E04,Kick Out The Jams,Rage Against The Machine,"rap metal, alternative metal, heavy metal, rap, rock"
TRAASOD128F428154C,Me And My Buddy,Jazz Gillum,"chicago blues, country blues, harmonica blues, blues, slide"
TRAASQC128F93480F0,Amber Changing,Rise Against,"hardcore punk, rock, punk, hardcore, punk revival"
TRAASSO12903CDD2FF,Murder Academy,Ultraviolence,"gabba, happy hardcore, hardcore techno, hard trance, techno"
TRAASUZ128F9314950,Hey Daddy,Korn,"rap metal, alternative metal, heavy metal, rock, metal"
TRAASYO128F4263883,4 Sea Interludes Op. 33a: Storm,Sir Neville Marriner,"requiem, concerto, symphony, opera, orchestra"
TRAASZE128F93499AE,I Need You Now,Agnes,"europop, tech house, christian rock, electropop, heavy metal"
TRAATBN128F14ACE82,Atmosphere Station,James Horner,"rock, classical, los angeles, soundtrack, game"
TRAATGM12903C9CD7C,Walk Away,Tantric,"post-grunge, grunge, chill-out, j pop, modern rock"
TRAATIU128F4291A84,Shadows That Move,Mastodon,"alternative metal, power metal, post-hardcore, progressive metal, heavy metal"
TRAATJK128F9339179,Smile,Xcultures,"gabba, happy hardcore, world beat, chill-out, disco"
TRAATLC12903D0172B,Mountains Of Mourne,The Irish Tenors,"irish folk, opera, irish, christmas music, folk"
TRAATMY128F149562F,Kite Live from Sydney,U2,"dance rock, pop rock, british pop, ballad, classic rock"
TRAATMY128F9334DAC,Loco (Crazy),Little Joe,"soul jazz, tejano, detroit techno, tex mex, oldies"
TRAATNJ128F42631BA,Ever Be,Korn,"rap metal, alternative metal, heavy metal, rock, metal"
TRAATNN128F92FD35F,Oh Look Misery,Blind Blake & The Royal Victoria Hotel Calypsos,"country blues, piedmont blues, delta blues, ragtime, chicago blues"
TRAATOA12903CAD615,Yesterdays,Percy Faith,"instrumental pop, easy listening, ballad, disco, pop rock"
TRAATPA128F146753C,Teacher's Pet,Extreme,"funk metal, heavy metal, hard rock, blues-rock, soft rock"
TRAATQC128F425AF61,Palmer enquête,Alexandre Desplat,"soundtrack, ballad, film score, chill-out, easy listening"
TRAATWQ12903CC5BA8,Go To Hell,Prozak,"rap, rap rock, rap metal, gangster rap, rapcore"
TRAATXO128F92D97A6,Moon River - Original,Jerry Butler,"chicago soul, northern soul, doo-wop, disco, ballad"
TRAATZQ128F425E5F1,La Plus Bath Des Javas,Yvette Horner,"chanson, bolero, ballad, musette, easy listening"
TRAAUDN128F933F20D,Infidel,Delta 9,"gabba, speedcore, hard house, happy hardcore, hardcore techno"
TRAAUEO128E0780CB9,English Summer Rain,Placebo,"british pop, rock, alternative, indie, london"
TRAAUGD128F42734DA,Spanish Shuffle (Album Version),Tam Tam Go!,"pop rock, rock, new wave, pop, latin pop"
TRAAUGZ128F9307F78,Intro,Gertrudis,"big beat, dub, rumba, new wave, dark ambient"
TRAAUIH128F4254C9D,Empress So Divine,Warrior King,"roots reggae, dancehall, reggae, reggaeton, jungle music"
TRAAUKK128F933A680,Terapia De Amor Intensiva,Soda Stereo,"rock, latin pop, ska, reggae, rap"
TRAAUMJ128F933BDB6,Haunting,LORE,"trip hop, nu metal, british pop, dark wave, electropop"
TRAAUMN128F4273561,Lies Of Hate,Soul Asylum,"hard rock, post-grunge, rock 'n roll, modern rock, grunge"
TRAAUMZ12903CA97DC,The First Noel,Carl Doy with NZSO,"progressive house, ballad, soft rock, easy listening, 80s"
TRAAUSW128F426646E,Musical Episode,Horace Andy,"roots reggae, lovers rock, dub, reggae, trip hop"
TRAAUWD128F930DD4E,Beautiful Brown eyes,Jimmy Wakely,"classic country, western swing, blues-rock, country music, blues"
TRAAUZI12903CAFD53,Drop the Bass,The Nightraver & The Magican,"gabba, techno, hardcore, hardcore techno, electronic"
TRAAUZX128F92F3D53,The Last Word (Amended Version),Rah Digga (Featuring Outsidaz),"hip hop, pop rap, gangster rap, rap, pop rock"
TRAAVAH128F4284D7C,Hard Times,RUN-DMC,"hip hop, old school hip hop, east coast rap, rap, hardcore rap"
TRAAVDZ128F148C948,Just As Much As Ever,Bert Kaempfert And His Orchestra,"orchestra, easy listening, space age pop, exotica, jazz"
TRAAVGB12903CFAA99,Filipino Baby,Hank Locklin,"honky tonk, country rock, ballad, chanson, classic country"
TRAAVIH12903CFAC90,The Boss,Lady May,"hip hop, rap, urban, club, soul"
TRAAVIT128F92E657C,Escapist,Nightwish,"sympho black metal, progressive metal, heavy metal, rock, finish"
TRAAVJL128F14ACADD,Jeffrey's Dark Side,Angelo Badalamenti,"chill-out, soundtrack, symphony, neoclassical, dark ambient"
TRAAVKY12903CBBB93,Someone to Watch Over Me,Frank Chacksfield,"orchestra, easy listening, ballad, chanson, soundtrack"
TRAAVNN128F428A85D,Milagre Dos Peixes/ Musica Incidental: Cais/ Music Incidental: San Vicente,Cesar Camargo Mariano/Helio Delmiro,"latin jazz, bossa nova, smooth jazz, brazilian pop music, samba"
TRAAVOK12903CC4773,Pinned To The Ground (album version),Buzzhorn,"post-grunge, alternative metal, nu metal, hard rock, grunge"
TRAAVOU128F422F292,Always And Never (Album Version),Silverstein,"post-hardcore, screamo, emo, hardcore, punk revival"
TRAAVRJ128F92FF90A,Myth Takes,!!!,"dance-punk, new rave, dance rock, indietronica, post rock"
TRAAWAD128F92FA59F,Carpe PM,The Secret Life of Teenage Girls,"grindcore, digital hardcore, breakcore, rock, noise"
TRAAWDK128F92E2A17,Who Shot Ya (Amended Album Version),The Notorious B.I.G.,"gangster rap, hip hop, rap, hardcore rap, east coast rap"
TRAAWGY128F4298A09,Poor Tom (Album Version),Led Zeppelin,"blues-rock, heavy metal, hard rock, classic rock, psychedelic rock"
TRAAWOR128F92DF3C8,Wounded Hearts,Sandi Thom,"british pop, chill-out, pop rock, folk rock, singer-songwriter"
TRAAWQD12903CAA968,Love's Been Good To Me,Carl Belew,"rockabilly, country rock, country, world, folk"
TRAAWUH128F427F12C,When Morning Comes To Town,The Field Mice,"twee pop, indie rock, rock, indie pop, british pop"
TRAAWUM128F426009A,Estate,Billy Higgins_ Bob Berg_ Cedar Walton_ Tony Dumas,"hard bop, free jazz, bebop, jazz, california"
TRAAWVQ128F9313D31,Freedom Enough (From Silent Mother Nature),Catherine Howe,"chill-out, rare groove, freak folk, singer-songwriter, female vocalist"
TRAAXCM128F427F97B,Hai Shava,Malkit Singh,"broken beat, bhangra, desi, italian disco, pop rap"
TRAAXEJ12903CA7253,Nutty Block,Rodney O & Joe Cooley,"miami bass, old school hip hop, hip hop, rap, electro"
TRAAXIR128F92D1938,Until You Love Someone,Dean Martin,"vocal, pop, lounge, traditional pop, classic"
TRAAXKI128F92DAC1B,Part One From Triomusic,Strata,"post-grunge, jungle music, modern rock, nu metal, southern rock"
TRAAXMC128F14A53EA,Hello Young Lovers (LP Version),James Darren,"brill building pop, smooth jazz, easy listening, progressive trance, jazz"
TRAAXMX128F9307699,Same Man,Till West & DJ Delicious,"funky house, club, vocal house, beat, electroclash"
TRAAXPA128F92FC706,Quiero Ir Ao Mar,Carlos Nuñez,"flamenco, gaita, future jazz, celtic, symphonic metal"
TRAAXTY128F42725BC,The Owl and the Pussy-cat,Igor Stravinsky,"ballet, symphony, chamber music, serialism, neoclassical"
TRAAXUY128F426BA55,Set You Free This Time,Gene Clark,"country rock, folk rock, progressive bluegrass, pop rock, rock"
TRAAYCQ128F425EE32,Bloco Da Solidao (1996 Digital Remaster),Maysa,"brazilian pop music, bossa nova, neo soul, samba, chill-out"
TRAAYGH128F92ECD16,Will You Love Me Tomorrow,The Shirelles,"doo-wop, ballad, all-female, brill building pop, soft rock"
TRAAYNQ128EF35922B,Stille nacht_ heilige nacht,The American Boychoir,"j pop, mambo, hard house, rock, electronic"
TRAAYPG128F933C941,Nine Ways,JDS,"happy hardcore, breakbeat, club, funk, electro"
TRAAYPN128F9340DDF,Northern Downpour (Album Version),Panic At The Disco,"pop punk, emo, pop rock, alternative rock, indie rock"
TRAAYRA128F92E9CC7,Bad Seed,Jan Howard,"classic country, country rock, country blues, oldies, female vocalist"
TRAAYTI128F933663B,Exchange,Abraham Laboriel,"jazz, fusion, blues, funk, jazz rock"
TRAAYVL128F1473727,Marie D'Aquitaine,Michèle Arnaud,"chanson, pop, rock, french, los angeles"
TRAAZBD128F427A97D,Oh My God,Sticky Fingaz,"hip hop, rap, hardcore hip hop, club, hardcore rap"
TRAAZBX128F1492AF8,Joy To The World,Dame Joan Sutherland / New Philharmonia Orchestra / Richard Bonynge,"bel canto, opera, los angeles, classical, female"
TRAAZGC12903CB5DFB,Hoochie Coochie Man,The Jeff Healey Band,"blues-rock, blues, instrumental rock, southern rock, soft rock"
TRAAZHO128F427C9EC,Ftei O Erotas,Angela Dimitriou,"pop folk, modern laika, greek"
TRAAZIE128F427961E,The Second Summer Of Love,Danny Wilson,"british pop, pop rock, oldies, new wave, soundtrack"
TRAAZJU12903C980B6,Prelude And Fugue In C Major BWV 531 : Fugue,Lionel Rogg,"early music, easy listening, los angeles, baroque, classic"
TRAAZKV12903CDDFE0,Don't Phunk With My Heart,Java,"musette, downtempo, trance, future jazz, hard trance"
TRAAZLK128F93586D6,Give It What U Got,SWAMI featuring Asuivre,"downtempo, bhangra, desi, trip hop, hip hop"
TRAAZOZ12903C9CABF,Dancing To A Standstill,The Black Velvet Band,"irish folk, pop rock, celtic, hip hop, rock"
TRAAZPJ128F4292DB5,Isla del Luna,Lisa Lynne,"chill-out, celtic fusion, celtic, neoclassical, easy listening"
TRAAZQF128F4285BC3,Spirit,Pe'z,"argentine rock, future jazz, space rock, j pop, post rock"
TRAAZQW128F93430DC,Another Long One,Shawn Colvin,"country rock, pop rock, folk rock, soft rock, ballad"
TRAAZYI12903CB2EE4,Leng Jing,Stephy Tang,"cantonese pop, chinese music, female vocalist, pop, female"
TRABACN128F425B784,OAKtown,Casual,"hip hop, underground rap, g funk, alternative rap, gothic rock"
TRABAFJ128F42AF24E,Larger Than Life,Backstreet Boys,"teen pop, pop, rock, adult contemporary, ballad"
TRABAFP128F931E9A1,I Hold Your Hand In Mine [Live At Royal Albert Hall],Tiny Tim,"cabaret, vaudeville, classic rock, ballad, folk rock"
TRABAIO128F42938F9,Baby Come To Me,Kenny G featuring Daryl Hall,"instrumental pop, smooth jazz, latin jazz, nu jazz, musica"
TRABATO128F42627E9,Den Pai Alo,Christos Dantis,"pop rock, singer-songwriter, male vocalist, greek, eurovision"
TRABAVQ12903CBF7E0,It Wont Be Christmas,David Martin,"screamo, reggae, pop, singer-songwriter, death metal"
TRABAWW128F4250A31,Knocked Out Of The Park,John Davis,"jazz fusion, downtempo, hip hop, italian disco, roots rock"
TRABAXL128F424FC50,Salt In NYC,Trafik,"progressive house, tech house, progressive trance, breakbeat, downtempo"
TRABAXR128F426515F,Wessex Loses a Bride,Nick Ingman;Gavyn Wright,"jazz funk, exotica, jazz, soul jazz, easy listening"
TRABAXV128F92F6AE3,Erica (2005 Digital Remaster),Eddie Calvert,"cool jazz, easy listening, chanson, jazz, ballad"
TRABAZH128F930419A,Blessed Assurance,Glad,"ccm, country rock, inspirational, indie rock, male vocalist"
TRABBAM128F429D223,Loaded Like A Gun,Steel Rain,"country rock, patriotic, country, pop"
TRABBBV128F42967D7,Rumba De Barcelona,Los Manolos,"flamenco, europop, rumba, samba, pop rap"
TRABBJE12903CDB442,Clementina Santafè,Gloriana,"teen pop, country rock, country music, female vocalist, country"
TRABBKX128F4285205,Wild Rose (Back 2 Basics Mix),Bombay Rockers,"bhangra, hip hop, pop rap, desi, dance music"
TRABBLU128F93349CF,Kutt Free (DJ Volume Remix),Jinx,"breakbeat, oi, gabba, bhangra, chill-out"
TRABBNP128F932546F,Ten Tonne,Chase & Status,"breakbeat, hip hop, jungle music, club, dance"
TRABBOP128F931B50D,A Higher Place (Album Version),Tom Petty,"heartland rock, jam band, pop rock, southern rock, hard rock"
TRABBOR128F4286200,Sono andati? Fingevo di dormire,Montserrat Caballé;Placido Domingo;Vicente Sardinero;Judith Blegen;Sherrill Milnes;Georg Solti,"symphonic rock, opera, bel canto, pop rock, female vocalist"
TRABBTA128F933D304,Got My Mojo Workin,Pucho & His Latin Soul Brothers,"latin jazz, hard trance, hard house, boogaloo, chill-out"
TRBCHWH128F92F7E9B,Get Your Head Stuck On Your Neck,Soul Mekanik,"tech house, progressive house, deep house, tribal house, broken beat"
TRABBXU128F92FEF48,Jenny Take a Ride,Mitch Ryder,"blues-rock, pop rock, blue-eyed soul, heartland rock, rock"
TRABBZN12903CD9297,Sonnerie lalaleulé hi houuu,Blingtones,"turnablism, hip hop"
TRABCAJ12903CDFCC2,Midnight Star,Luna Orbit Project,"club, trance, edm, island music, vocal trance"
TRABCEC128F426456E,Native Soul,Danilo Perez,"latin jazz, future jazz, brazilian jazz, piano blues, broken beat"
TRABCEI128F424C983,Der Kleine Dompfaff,Line Renaud,"chanson, disco, italian disco, easy listening, jazz"
TRABCFL128F149BB0D,A Whiter Shade Of Pale (Live @ Fillmore West),King Curtis,"instrumental rock, southern soul, soul jazz, east coast blues, jazz funk"
TRABCIX128F4265903,The Ballad Of Sleeping Beauty,Sophie B. Hawkins,"ballad, soft rock, pop rock, singer-songwriter, instrumental rock"
TRABCKL128F423A778,Streets On Fire (Explicit Album Version),Lupe Fiasco,"hip hop, rap, soul, chicago, alternative rap"
TRABCPZ128F4275C32,Music is what we love,Wilks,"hip hop, easy listening, reggae, jungle music, breakbeat"
TRABCRU128F423F449,City Slickers,Marc Shaiman,"soundtrack, classical, easy listening, disco, pop rock"
TRABCTK128F934B224,Intro,40 Grit,"nu metal, alternative metal, heavy metal, progressive house, deep house"
TRABCUQ128E0783E2B,Harajuku Girls,Gwen Stefani,"rock, pop, ballad, club, grunge"
TRABCXB128F4286BD3,Prognosis,Steve Morse,"blues-rock, instrumental rock, hard rock, folk rock, guitar virtuoso"
TRABCYE128F934CE1D,Living Hell,Bitter End,"stoner metal, groove metal, garage rock, psychedelic rock, thrash metal"
TRABDDA12903CC007C,Small World,Ethel Merman,"vaudeville, show tunes, disco, swing, oldies"
TRABDDP128F92FA843,Truck Driving Man/Down In The Caribbean,Leon Russell & New Grass Revival,"blues-rock, country rock, classic rock, southern rock, country blues"
TRABDSK128F42443F1,Swallow The Knife (Live) (Segue),Story Of The Year,"screamo, emo, rock, alternative, california"
TRABDTV128E0791839,Mayday,Natural Elements,"hip hop, hardcore hip hop, rap, underground hip hop, united states"
TRABDVD128F4292CDF,Lake Of Dreams,Lisa Lynne,"chill-out, celtic fusion, celtic, neoclassical, easy listening"
TRABDZC128F42AC23F,Because Of You,Neil Sedaka,"brill building pop, soft rock, pop rock, doo-wop, teen pop"
TRABEAZ128F92E7FA9,Un Peu D'Amour Et D'Amitié,Maurice Larcange,"chanson, musette, pop, folk, world"
TRABEBP12903C9BA03,Rattlesnake!,A Static Lullaby,"post-hardcore, screamo, emo, alternative metal, melodic hardcore"
TRABECY128F93317AA,Disappeared,John Wesley_ John Wesley,"disco, calypso, reggae, hard trance, dub"
TRABEFN128F92D925B,Doppelgänger [Qliphothic Phantasmagoria],Coph Nia,"dark ambient, neofolk, dark wave, martial industrial, death industrial"
TRABEGU12903CACFD1,Ain't No Love Ain't No Use (Love To Infinity Full Funk Mix),Tabu feat. Mitzib,"cumbia, poland, roots reggae, reggae, ska"
TRABEKF128F42765FF,Ghost Town Rituals (Album Version),Nights Like These,"doom metal, sludge metal, hardcore punk, groove metal, tech metal"
TRABEMC128F148EF2D,Morning Glory,Oasis,"british pop, hard rock, rap, alternative rock, rock"
TRABERG128F92FCD72,Rudolph The Red-Nosed Reindeer,John Davis & Emma Doyle,"jazz fusion, downtempo, hip hop, italian disco, roots rock"
TRABERS128F4247FE1,Tomorrow Gone,Stew,"cabaret, indie pop, brill building pop, rock, power pop"
TRABEXK12903CCE19B,I don't Want to Be Alone Tonight,Jauida,"male vocalist, acoustic, spanish, latin, rock en espanol"
TRABFGJ12903CF6A75,Just A Little Lovin' (Will Go A Long Way),Eddy Arnold,"honky tonk, classic country, traditional country, country pop, rockabilly"
TRABFKN12903CAF61B,Shameless,All Time Low,"pop punk, punk, pop, punk pop, emo pop"
TRABFMW12903CD352F,And I Love You So,Brian Dullaghan,"irish folk, folk rock, downtempo, rock, irish"
TRABFPX128F9331F21,L' Envers Du Décor,Richard Galliano,"tango, musette, chill-out, jazz, british pop"
TRAWGDB128F42AD39D,Quiet Time,Regina Belle,"vocal jazz, neo soul, nu-soul, r&b, smooth jazz"
TRABFTP12903CE6A47,Little Sister,Debbie Davies,"blues-rock, electric blues, latin jazz, california, blues"
TRABFVS128F4289CE5,Song For Mom (LP Version),STEVE CAMP,"ccm, christian rock, religious music, piano rock, rock"
TRABFXR128F9350B92,All Over Me,Jay Tee & Baby Bash,"hard house, happy hardcore, gangster rap, alternative hip hop, hardcore rap"
TRABFYT128F9339BA6,I Hate You,The Stolen Minks,"dance rock, psychobilly, riot grrrl, disco, garage punk"
TRABFZX128F4241355,From The Blind (LP Version),Daath,"technical death metal, industrial metal, death metal, tech metal, avantgarde metal"
TRABGDA128F92F69BB,Misanthrope,Extasick,"digital hardcore, breakcore, hardcore, punk, group"
TRABGHG128F934B27E,Chains Chains (Live In Hammersmith),UFO,"heavy metal, hard rock, blues-rock, gangster rap, happy hardcore"
TRABGIA128F4226F8A,The Date (Remix By Ana Rago),Avril - Remix By Ana Rago,"trip hop, downtempo, tech house, electro, breakbeat"
TRABGIJ128F92F5EC8,As My Fire Flies,Pat Travers,"blues-rock, hard rock, rock, classic rock, stoner metal"
TRABGLK128F9338730,We Wish You A Merry Christmas,SNOWPATROL,"indie rock, rock, pop, alternative, alternative rock"
TRABGMB12903CF50FE,Böse,Die Fantastischen Vier,"pop rap, hip hop, europop, trip hop, downtempo"
TRABGOW128F9334C37,Saturday Night Is The Loneliest Night In The Week,Jeanie Lambe & The Danny Moss Quartet,"hip hop, swing, soundtrack, standard, traditional pop"
TRABGQG128F4275A1E,A Mi No Me Importa,Nelson Ned,"latin jazz, mariachi, brazilian pop music, karaoke, thrash metal"
TRABGUU128F4227C0A,BYOB (Explicit Album Version),Yung Joc,"gangster rap, hip hop, rap, hardcore rap, southern rap"
TRABGUV128F9310D99,Le Presbytère n'a rien perdu de son Charme,Philippe Sarde,"smooth jazz, soundtrack, easy listening, jazz funk, jazz"
TRABGWT128F9334E43,Ven Morena,Orquesta Aragón,"charanga, mambo, bolero, salsa, latin jazz"
TRABGYI128F428EDC5,Brighton by the Sea,Jason Miles,"jazz fusion, hard bop, smooth jazz, meditation, instrumental pop"
TRABGYU128F422B4D3,CHAOS INTRO,State of Chaos,"tech house, electro, dance-punk, techno, electroclash"
TRABGZL128F428A25B,Bloody Pig Pile (Live),Dropkick Murphys,"celtic punk, folk rock, classic rock, punk, rock"
TRABHBA128F424CF80,Hex Breaker,Taint,"power electronics, sludge metal, post-hardcore, electronic, noise"
TRABHCE128F426361B,The Melting Moon (Edit),VHS Or Beta,"disco, new wave, electro, pop rock, post rock"
TRABHFK128F92F1271,Hawaiian Chimes,Leonard Kwan,"slack key guitar, mondiovision, island music, electronic, pop"
TRABHKR128F424944A,Turn Around,True Believers,"melodic hardcore, hip hop, dark ambient, rock, punk"
TRABHNS128F93125B5,L'accordéoniste,Les Hurlements D'leo,"folk rock, chanson, 2 tone, gypsy jazz, rock steady"
TRABHTQ128F92DB038,Tumba Tumba,Charanga Forever,"salsa, charanga, los angeles, latin, cuban"
TRABHVF128F425A0C9,Why don't you eat where you slept last night ?,Zuzu Bollin,"r&b, texas blues, electric blues, jump blues, blues"
TRABHVL128F92EFB0E,Suffocating Under Words Of Sorrow (What Can I Do),Bullet For My Valentine,"alternative metal, screamo, heavy metal, rock, metal"
TRABHWW128F424E9D2,Im Moving On,The Hit Factory,"free music, garage rock, alternative rock, indie rock, rock"
TRABICV128F146AEF8,Deep Night/Softly As In A Morning Sunrise (Medley),Terry Snyder,"space age pop, easy listening, mambo, exotica, boogaloo"
TRABIEL128F931E1F2,Let Me Show You [I Just Want To Make You Smile],Marcus Miller,"jazz funk, soul jazz, smooth jazz, funk, jazz fusion"
TRABIJJ128F426A1C1,Monster For Music,Beatnuts,"grime, chill-out, gangster rap, trip hop, hip hop"
TRABIKX128F930CE4F,Complain,Ayo,"neo soul, r&b, smooth jazz, reggae, blues"
TRABIOI12903CD8B9B,Daydreaming [Jakwob Remix],Kid Sister,"hip house, bass music, pop rap, dubstep, hip hop"
TRABIOZ12903CF3554,Dansende Foran Speilet,Mons Leidvin Takle,"lullaby, jazz, norwegian, instrumental, christian"
TRABIPA128F1458F79,Ease,Public Image Ltd,"dance rock, alternative dance, experimental rock, noise rock, madchester"
TRABIQP128F427D0DD,Everchanging,Rise Against,"hardcore punk, rock, punk, hardcore, punk revival"
TRABISL12903D08B0D,Too much informa,Sizzla,"dancehall, roots reggae, reggae, jungle music, dub"
TRABIUA128F9349CDF,L'insidieuse (Live),Richard Galliano,"tango, musette, chill-out, jazz, british pop"
TRABIWU12903CDF3B7,So Hot,Helen Love,"power pop, indie rock, alternative dance, synth punk, rock"
TRABIZN128F9317EDF,Youlan_ Lonely Orchid (solo guqin),David Mingyue Liang,"chinese music, chinese"
TRABIZY128F933C696,Forbidden Fruit,Pursuit Of Happiness,"power pop, hard rock, alternative rock, pop rock, blues-rock"
TRABJAG128F9308636,Recorda-Me,Bobby Hutcherson,"latin jazz, jazz funk, hard bop, soul jazz, free jazz"
TRABJFO128F933DD61,Lady Of Your Calibre,Gregory Isaacs,"lovers rock, roots reggae, reggae, dancehall, dub"
TRABJGY128F93539F9,Italian For Goodbye (skit),The Pharcyde,"rap, hip hop, new wave, electro, underground hip hop"
TRABJIA128F14B189F,Anti Geroi,Azis,"pop folk, chalga, gypsy jazz, parody, eurodance"
TRABJIX128C7196953,Stronger Than Me,Amy Winehouse,"vocal jazz, blues, pop rock, funk, pop"
TRABJOT12903CD66AA,Only For The Young,George Lopez,"california, stand-up comedy, comedy, funny, spoken word"
TRABJQN128F9361E4C,T'as 16 ans demain,Les Hou-Lops,"freakbeat, psychedelic rock, los angeles, chanson, game"
TRABJRI128F92EDF92,Serene,The Cosmosamatics,"free jazz, jazz, post-bop, avant-garde, ballad"
TRABJRW128F92EEABD,So Jah Seh,Jackie Edwards,"rock steady, reggae, roots reggae, lovers rock, ballad"
TRASKUE128F1478ECF,Joy In The Journey (The Final Word Album Version),Michael Card,"ccm, contemporary christian, religious music, christian music, easy listening"
TRABJVU128F9349CD1,Chorinho Pra Ele (Live),Richard Galliano,"tango, musette, chill-out, jazz, british pop"
TRABJWA128F9309C09,Warrior's Quest,Ensiferum,"power metal, black metal, heavy metal, finish, metal"
TRABJYQ128F92D57B1,Medley Leïla Chico,Leila Chicot,"zouk, caribbean, french"
TRABJZT128F425C8DC,The Hustle,The Pharcyde / Big Boy / Schmooche Cat / Randy Mack,"rap, hip hop, new wave, electro, underground hip hop"
TRABKAS128F42AB822,Rakkauden satu - Histoire d'un Amour -,Erkki Junkkarinen,"humppa, tango, german pop, ballad, disco"
TRABKBS128F42823EC,God Bless You (Goddamn it),A Static Lullaby,"post-hardcore, screamo, emo, alternative metal, melodic hardcore"
TRABKJU128F422A7FE,The Illusionist,Scar Symmetry,"death metal, heavy metal, progressive, metal, sweden"
TRABKMS128F92EAFAA,La Route Est Belle,Oztara,"musette, canada, world, quebec, gypsy"
TRABKRG128F930641C,Urgence,Sonia Dersion,"zouklove, zouk, kizomba, r&b, african"
TRABKUJ128F4292445,Pero Me Acuerdo De Tí,Christina Aguilera,"dance pop, teen pop, neo soul, r&b, ballad"
TRABKZZ128F426A87F,Trapped In Reality,Headhunter,"dubstep, progressive house, dubtronica, hard house, grime"
TRABLGI128F42B867A,Our Darkest Days,Eighteen Visions,"alternative metal, post-hardcore, post-grunge, modern rock, melodic metalcore"
TRABLHU128F1473B67,California Dreamin' (LP Version),Baby Huey & The Baby Sitters,"funk, r&b, jazz funk, chicago soul, disco"
TRABLIM12903CCED5D,Dumb Woman Blues,Elmore James,"chicago blues, electric blues, delta blues, blues, blues-rock"
TRABLJH12903CD14F8,Letting You Back In,Rising Lion,"roots reggae, reggae, dancehall, world, funk"
TRABLLK128F428FFAF,Hear Me Lord (2001 Digital Remaster),George Harrison,"classic rock, rock, psychedelic, england, album rock"
TRABLMN128E0792687,Don't Let Go,Weezer,"pop rock, rock, pop, alternative, indie"
TRABLND12903CA653B,U Don't Hear Me Tho' (Street Mix),Rodney O & Joe Cooley,"miami bass, old school hip hop, hip hop, rap, electro"
TRABLOM128F426BE8A,Lonely Street,Boots Randolph,"instrumental rock, cool jazz, easy listening, jazz, northern soul"
TRABLQE128F92E5E75,Undertow,Jackson United,"surf music, stoner rock, grunge, garage rock, punk"
TRABLRO128F92EDF9C,12 Seasons of Love,The Cosmosamatics,"free jazz, jazz, post-bop, avant-garde, ballad"
TRABLSO128F14A4707,Courtyard,Bobbie Gentry,"country blues, delta blues, country rock, folk rock, blue-eyed soul"
TRABLTP128F930DC6D,Have You Ever Seen The Rain,Creedence Clearwater Revived,"country rock, rock 'n roll, blues-rock, british pop, swamp rock"
TRABLTX128F42813FD,Cry Baby,The Johnny Otis Orchestra,"jump blues, blues, blues-rock, r&b, ragtime"
TRABLVP128F426EE4A,Interlude,B.A.D.,"dance rock, alternative dance, dub, pop rock, breakbeat"
TRABLYQ128F429A9F8,Terra,Luar Na Lubre,"freestyle, disco, chill-out, gaita, celtic rock"
TRABMBK12903CB8E0A,Mother,Circular,"chill-out, intelligent dance music, space music, electronic, dark ambient"
TRABMDN128F4222B61,A La Memoria Del Muerto,Fruko Y Sus Tesos,"salsa, cumbia, latin jazz, mambo, charanga"
TRABMDW128F14682DD,Sayin' Dope,The Bucketheads,"vocal house, funky house, disco house, club, eurodance"
TRABMFI128F1476F9F,When The World Is Running Down_ You Make The Best Of What's Still Around,The Police,"new wave, reggae, classic rock, rock, pop"
TRABMJH128F931DF5D,My Bonnie Lies Over the Ocean,Kinky,"alternative dance, pop rock, madchester, electronica, funk"
TRABMKI128F422E0BE,Now You Know,The Real Kids,"power pop, garage rock, pop rock, rock, punk"
TRABMKR128F92CC02B,I'm Sitting Here Waiting,Eddie Boyd,"chicago blues, blues-rock, piano blues, electric blues, delta blues"
TRABMRC128F424A707,Korrupted - Remix,Tha Chamba,"rap, underground rap, hip pop, hip hop, techno"
TRABMRL12903CD0B4A,Sex Objekt,Jack Orsen & Taktlo$$,"hip hop, reggae, rap, intelligent dance music, german rap"
TRABMXM128F930C6D2,Rain / Ekoln,Olov Johansson_ Catriona Mckay,"world music, folk, world, swedish, country"
TRABMYD128F428BD38,Reason With The Beast,Shriekback,"alternative dance, dance rock, new wave, dark wave, dub"
TRABMZZ128F4249C60,As Diehard As They Come (Album Version),Hatebreed,"hardcore punk, black metal, heavy metal, death metal, rock"
TRABNBD128F426FA88,No Unexpected Guests,John Frizzell,"soundtrack, sympho black metal, tribal house, r&b, goa"
TRABNDD128F933D3C7,Walls And Cannonballs (Album),Sister Hazel,"post-grunge, southern rock, chill-out, soft rock, alternative dance"
TRABNET128F14560AC,Trouble In The City,J.J. Cale,"blues-rock, country rock, folk rock, roots rock, southern rock"
TRABNEV128F92F9F62,Dark Angel,Precious Bryant,"blues, country blues, calypso, latin jazz, trip hop"
TRABNEX128F92C9DEA,Knocked Up,Kings Of Leon,"southern rock, alternative rock, rock, nashville, american trad rock"
TRABNIP12903CB604F,Ven Conmigo/Perdoname (Live),Selena,"tejano, cumbia, latin, pop, texas"
TRABNIQ128F4261298,Taste Of Dis (Explicit Version),Brooke Valentine,"crunk, hip hop, dirty south rap, hip pop, r&b"
TRABNLE128EF34B85D,Prvni vesela,Krystof,"soft rock, pop rock, instrumental pop, easy listening, rock"
TRABNNO128F9342FE3,If You'd Only Talk To Me (Bonus Track),Claire Hamill,"new age, ambient, electronic, experimental, abstract"
TRABNQN128F4271546,Librado Maldonado,Los Originales De San Juan,"mariachi, karaoke, thrash metal, mexico, folk"
TRABNRG128F425E087,Crass Commercialism,Black Flag,"hardcore punk, punk, hardcore, los angeles, american underground"
TRABONG128EF36206F,Flores Negras,Barbarito Diez,"charanga, latin, latino, tropical, cuban"
TRABONH128F92D58DA,Rollercoaster Ride,Aaron Watson,"honky tonk, classic country, country rock, southern rock, singer-songwriter"
TRABOOL128F426E836,Turning Away,Mary Black,"country rock, irish folk, folk rock, soft rock, ballad"
TRABOPD128F422E200,Metal from Hell...22nd Century,Satan's Host,"heavy metal, blackened death metal, black metal, doom metal, death metal"
TRABOUV128F149E919,The Girl I Find (LP Version),The Impressions,"chicago soul, northern soul, r&b, motown, doo-wop"
TRABOXX128F92F29EB,Panda Bear,Owl City,"synthpop, electronica, electronic, pop, indietronica"
TRABPAG128F92E2D80,Drifting From Town To Town,Bobby Bland,"soul blues, texas blues, r&b, memphis blues, blues"
TRABPAU128F429C1BD,Negativ Song,Headliners,"hard house, hard trance, crunk, bass music, gabba"
TRABPCJ128F930903D,The Lords Prayer,Jane Winther,meditation
TRABPCM128F1473A75,Nubia (LP Version),The Rascals,"blue-eyed soul, pop rock, psychedelic rock, soft rock, rock"
TRABPEY128F429F541,Blake's Worried Blues,Blind Blake,"country blues, piedmont blues, delta blues, ragtime, chicago blues"
TRABPGO128F931B50C,You're My World,Emilia,"europop, ballad, pop rap, pop rock, hip hop"
TRABPHE128F42A1E65,Ojos Gitanos,Cómplices,"pop rock, rock, pop, indie, spanish"
TRABPJN128F145DB70,Mira Nina,Emilio,"tejano, hard trance, texas, country, pop"
TRABPJW128F147295E,Solamente Una Vez,Nana Caymmi,"brazilian pop music, samba, bossa nova, bolero, tropical"
TRABPKX128F14938FE,Zolte Slonie,Kasia Stankiewicz,"chill-out, poland, neo soul, trip rock, dance music"
TRABPUI12903CF22CE,Sahti Waari,Turisas,"viking metal, power metal, progressive metal, folk metal, heavy metal"
TRABPYJ128F92DA476,Nina Nina,Chéco Feliciano And Joe King,"salsa, mambo, afrobeat, charanga, samba"
TRABQBH128F92FAF40,Only Do for Love,Cache Cache,"big beat, hard house, breakbeat, trance, broken beat"
TRABQDK128F9308F8E,Arrival,David Hudson,"pop rock, flamenco, mariachi, world music, ambient"
TRABQEB128F4274D24,Las Murallas De Jericó,David Summers,"pop, spanish, 00s, spain, latin"
TRABQEW128F93214A8,Megatrend,Rummage,"polka, outsider music, chalga, free music, jazz funk"
TRABQFJ12903CB6C29,In The Name of the Father,Adr Lavey,"gangster rap, trip hop, rap, hardcore, horrorcore"
TRABQGT128F42566D3,I Can't Tame Wild Women,Bill Boyd's Cowboy Ramblers,"western swing, texas, swing"
TRABQII12903CDBAFE,A Somber Wind from a Distant Shore (Album),Canis Dirus,"black metal, doom metal, depressive black metal, ambient, suicidal black metal"
