title,artist,filename,genre
Drop of Rain,Tweeterfriendly Music,Tweeterfriendly Music - Drop of Rain.mp3,"post-hardcore, screamo, emo, hardcore, punk revival"
I Didn't Mean To,Casual,Casual - I Didn't Mean To.mp3,"hip hop, underground rap, g funk, alternative rap, gothic rock"
Amor de Cabaret (with Río Roma),La Sonora Santanera,La Sonora Santanera - Amor de Cabaret (with Río Roma).mp3,"salsa, cumbia, tejano, ranchera, latin pop"
Soul Deep,Alex Chilton formerly of The Box Tops,Alex Chilton formerly of The Box Tops - Soul Deep.mp3,"blue-eyed soul, pop rock, blues-rock, beach music, soft rock"
Something Girls (Album Version),Adam Ant,Adam Ant - Something Girls (Album Version).mp3,"pop rock, new wave, dance rock, rock, new romantic"
Face the Ashes,Gob,Gob - Face the Ashes.mp3,"pop punk, ska punk, breakcore, alternative metal, punk pop"
Keepin It Real (Skit),Rated R,Rated R - Keepin It Real (Skit).mp3,"breakbeat, dirty south rap, hip hop, electronic, trance"
The Moon And I (Ordinary Day Album Version),Jeff & Sheri Easter,Jeff & Sheri Easter - The Moon And I (Ordinary Day Album Version).mp3,"southern gospel, bluegrass, gospel, ballad, california"
Pink World,Planet P Project,Planet P Project - Pink World.mp3,"new wave, progressive rock, space rock, eurodance, hard rock"
Young Boy Blues #2,JennyAnyKind,JennyAnyKind - Young Boy Blues #2.mp3,"alternative rock, indie rock, rock, alternative pop rock, alternative"
Auguri Cha Cha,Bob Azzam,Bob Azzam - Auguri Cha Cha.mp3,"chanson, latin jazz, soul jazz, soft rock, jazz funk"
La Culpa.,Andy Andy,Andy Andy - La Culpa..mp3,"bachata, merengue, reggaeton, latin pop, spanish"
Tonight Will Be Alright,Lionel Richie,Lionel Richie - Tonight Will Be Alright.mp3,"quiet storm, soft rock, pop, urban, adult contemporary"
Insatiable,CLP,CLP - Insatiable.mp3,"breakcore, miami bass, new rave, grime, breakbeat"
The Urgency,Wayne Watson,Wayne Watson - The Urgency.mp3,"ccm, religious music, los angeles, christian rock, pop"
Floating (2012 Remaster),Blue Rodeo,Blue Rodeo - Floating (2012 Remaster).mp3,"country rock, heartland rock, pop rock, folk rock, psychedelic rock"
High Tide,Richard Souther,Richard Souther - High Tide.mp3,"chill-out, smooth jazz, orchestra, jazz, celtic"
Caught In A Dream (Album Version),Tesla,Tesla - Caught In A Dream (Album Version).mp3,"hard rock, heavy metal, blues-rock, classic rock, garage rock"
Broken Down Merry-Go-Round,Jimmy Wakely,Jimmy Wakely - Broken Down Merry-Go-Round.mp3,"classic country, western swing, blues-rock, country music, blues"
Kassie Jones,Alice Stuart,Alice Stuart - Kassie Jones.mp3,"electric blues, blues, country blues, blues-rock, folk rock"
Setting Fire to Sleeping Giants,The Dillinger Escape Plan,The Dillinger Escape Plan - Setting Fire to Sleeping Giants.mp3,"math-core, grindcore, hardcore punk, tech metal, punk metal"
Setanta matins,Élena,Élena - Setanta matins.mp3,"uk garage, pop folk, jazz fusion, chalga, jazz"
James (Hold the Ladder Steady),Sue Thompson,Sue Thompson - James (Hold the Ladder Steady).mp3,"pop rock, soft rock, blues-rock, doo-wop, chanson"
Superconfidential (Nic Sarno remix),CLP,CLP - Superconfidential (Nic Sarno remix).mp3,"breakcore, miami bass, new rave, grime, breakbeat"
I Think My Wife Is Running Around On Me (Taco Hell),Tim Wilson,Tim Wilson - I Think My Wife Is Running Around On Me (Taco Hell).mp3,"filk, comedy, spoken word, country, funny"
Made Like This,Five.Bolt.Main,Five.Bolt.Main - Made Like This.mp3,"post-grunge, alternative metal, nu metal, hard rock, alternative rock"
Crazy Mixed Up World,Faye Adams,Faye Adams - Crazy Mixed Up World.mp3,"jump blues, east coast blues, piano blues, blues, r&b"
Spanish Grease,Willie Bobo,Willie Bobo - Spanish Grease.mp3,"latin jazz, jazz funk, boogaloo, soul jazz, salsa"
Do You Finally Need A Friend,Terry Callier,Terry Callier - Do You Finally Need A Friend.mp3,"soul jazz, future jazz, smooth jazz, acid jazz, jazz funk"
The Emperor Falls,John Wesley,John Wesley - The Emperor Falls.mp3,"disco, calypso, reggae, hard trance, dub"
Twist And Shout,The Shangri-Las,The Shangri-Las - Twist And Shout.mp3,"doo-wop, ballad, pop rock, rock steady, soft rock"
It Makes No Difference Now,Billie Jo Spears,Billie Jo Spears - It Makes No Difference Now.mp3,"classic country, motown, oldies, rockabilly, traditional country"
¿Dónde Va Chichi?,Sierra Maestra,Sierra Maestra - ¿Dónde Va Chichi_.mp3,"charanga, salsa, latin jazz, rumba, bolero"
Oute Ena Efharisto,Despina Vandi,Despina Vandi - Oute Ena Efharisto.mp3,"dance pop, british pop, modern laika, eurodance, club"
In a Subtle Way,Jacob Young,Jacob Young - In a Subtle Way.mp3,"cool jazz, free jazz, soul jazz, country rock, jazz"
Spin,Scarlet's Remains,Scarlet's Remains - Spin.mp3,"gothic metal, deathrock, horror punk, neofolk, gothic rock"
"Laws Patrolling (Screwed & Chopped) [feat. CJ, Mello & Lil' Bran] [DJ Michael Watts Remix]",Mike Jones,"Mike Jones - Laws Patrolling (Screwed & Chopped) [feat. CJ, Mello & Lil' Bran] [DJ Michael Watts Remix].mp3","rap, hip hop, classic, hardcore rap, southern rap"
Burning In The Aftermath,The Suicide Machines,The Suicide Machines - Burning In The Aftermath.mp3,"ska punk, post-grunge, skacore, ska, skate punk"
Sabor Guajiro,Roberto Torres,Roberto Torres - Sabor Guajiro.mp3,"salsa, charanga, vallenato, latin jazz, samba"
Human Cannonball,Loudon Wainwright III,Loudon Wainwright III - Human Cannonball.mp3,"modern rock, singer-songwriter, folk, rock, vocal"
Angie (Remastered 2005),The Rolling Stones,The Rolling Stones - Angie (Remastered 2005).mp3,"blues, hard rock, rock, england, london"
Glory Be,R.L. Burnside,R.L. Burnside - Glory Be.mp3,"delta blues, blues-rock, electric blues, blues, juke joint blues"
Crossfire,Stevie Ray Vaughan & Double Trouble,Stevie Ray Vaughan & Double Trouble - Crossfire.mp3,"texas blues, blues, blues-rock, modern electric blues, rock"
"I Can't Be Satisfied (Live at the Boarding House, 6/2/1973)",John Hammond,"John Hammond - I Can't Be Satisfied (Live at the Boarding House, 6_2_1973).mp3","blues, blues-rock, motown, chicago blues, rockabilly"
Nashville Parthenon (instrumental),Casiotone for the Painfully Alone,Casiotone for the Painfully Alone - Nashville Parthenon (instrumental).mp3,"trip hop, indietronica, electro, neofolk, indie rock"
Cocain Ducks,Ec8or,Ec8or - Cocain Ducks.mp3,"hardcore techno, digital hardcore, breakcore, industrial metal, gabba"
"Human Being (Recorded at Blue Rock Studio, NYC, June 1972)",The New York Dolls,"The New York Dolls - Human Being (Recorded at Blue Rock Studio, NYC, June 1972).mp3","glam rock, hard rock, protopunk, rock 'n roll, blues-rock"
The More I See You,Eliane Elias,Eliane Elias - The More I See You.mp3,"brazilian jazz, latin jazz, hard bop, jazz funk, vocal jazz"
Certain Things We Do (Album Version Edited),Lost Boyz,Lost Boyz - Certain Things We Do (Album Version Edited).mp3,"gangster rap, g funk, hip hop, east coast hip hop, rap"
Forming (Live),The Germs,The Germs - Forming (Live).mp3,"rock, punk, los angeles, grunge, southern rock"
Mafuá,Yamandu Costa,Yamandu Costa - Mafuá.mp3,"brazilian jazz, brazilian pop music, choro, jazz, brazilian"
Driving Home for Christmas,Chris Rea,Chris Rea - Driving Home for Christmas.mp3,"soft rock, blues-rock, pop rock, country rock, singer-songwriter"
Spooks In Space,Perrey And Kingsley,Perrey And Kingsley - Spooks In Space.mp3,"easy listening, jazz funk, space age pop, big beat, electronic"
Tous Les Garçons Et Les Filles (Remastered Version),Eurythmics,Eurythmics - Tous Les Garçons Et Les Filles (Remastered Version).mp3,"dance rock, new wave, synthpop, rock, pop"
Too Much Saturn,Francis Dunnery,Francis Dunnery - Too Much Saturn.mp3,"singer-songwriter, art rock, soundtrack, progressive rock, pop rock"
Stream,Suzanne Ciani,Suzanne Ciani - Stream.mp3,"meditation, chill-out, downtempo, new age, easy listening"
Make Me Over,Vickie Winans,Vickie Winans - Make Me Over.mp3,"ccm, soul jazz, hip hop, italian disco, trip hop"
Movement 4 [from Kiss],John Cale,John Cale - Movement 4 [from Kiss].mp3,"experimental rock, art rock, experimental, alternative, indie"
Wicker Chair,Kings Of Leon,Kings Of Leon - Wicker Chair.mp3,"southern rock, alternative rock, rock, nashville, american trad rock"
An ti chans' (Remastered 2024),Edith Lefel,Edith Lefel - An ti chans' (Remastered 2024).mp3,"zouk, merengue, kizomba, zouklove, reggae"
Deform (Live),The Berzerker,The Berzerker - Deform (Live).mp3,"speedcore, grindcore, gabba, death metal, breakcore"
I Will Love Again (JJ's Club Radio),TARAS,TARAS - I Will Love Again (JJ's Club Radio).mp3,"trance, electronic, dance, house, techno"
Stickin in My Eye (Live),NOFX,NOFX - Stickin in My Eye (Live).mp3,"punk, rock, alternative punk rock, punk pop, skate punk"
Ota kiinni,Murskahumppa,Murskahumppa - Ota kiinni.mp3,"suomi rock, humppa, hardcore punk, finish, punk"
Entre Caníbales,Soda Stereo,Soda Stereo - Entre Caníbales.mp3,"rock, latin pop, ska, reggae, rap"
Rosemary Recalls,Bruce Rowland,Bruce Rowland - Rosemary Recalls.mp3,"easy listening, chill-out, soundtrack, orchestra, classical"
Sudanese Dance,Xcultures,Xcultures - Sudanese Dance.mp3,"gabba, happy hardcore, world beat, chill-out, disco"
Wanna Be A Player (Album Version),Heavy D,Heavy D - Wanna Be A Player (Album Version).mp3,"pop rap, hip hop, new jack swing, broken beat, europop"
Let's Get It Started,The Black Eyed Peas,The Black Eyed Peas - Let's Get It Started.mp3,"hip hop, rap, funk, r&b, pop"
Metal (Remix),Nine Inch Nails,Nine Inch Nails - Metal (Remix).mp3,"industrial metal, alternative metal, industrial rock, alternative rock, rock"
Panama,Van Halen,Van Halen - Panama.mp3,"heavy metal, hard rock, rock, album rock, soundtrack"
Next Time,Nadine Renee,Nadine Renee - Next Time.mp3,"freestyle, disco, hard house, dance pop, progressive trance"
Complicate It,Smartbomb,Smartbomb - Complicate It.mp3,"melodic hardcore, post-grunge, hardcore punk, punk, hardcore"
She Fell Away (Remastered 2009),Nick Cave & The Bad Seeds,Nick Cave & The Bad Seeds - She Fell Away (Remastered 2009).mp3,"rock, alternative, soundtrack, guitar, piano"
It's My Party (Rerecorded),Lesley Gore,Lesley Gore - It's My Party (Rerecorded).mp3,"brill building pop, oldies, ballad, soft rock, motown"
I'm Gone This Time,Glen Campbell,Glen Campbell - I'm Gone This Time.mp3,"country rock, soft rock, pop rock, folk rock, ballad"
You Feel Good All Over (Rerecorded),T.G. Sheppard,T.G. Sheppard - You Feel Good All Over (Rerecorded).mp3,"country rock, rock, country, country pop, folk"
Indian Love Call,Slim Whitman,Slim Whitman - Indian Love Call.mp3,"folk-pop, country rock, pop rock, classic country, ballad"
This Melody (Live),Julien Clerc,Julien Clerc - This Melody (Live).mp3,"chanson, ballad, pop, disco, blues-rock"
Commercial Reign,Inspiral Carpets,Inspiral Carpets - Commercial Reign.mp3,"indie rock, psychedelic rock, madchester, dance rock, rock"
Dixie,Hank Penny and The Lincoln Penny Orchestra,Hank Penny and The Lincoln Penny Orchestra - Dixie.mp3,"western swing, classic country, jazz, country, folk"
I Never Came (Album Version),Queens Of The Stone Age,Queens Of The Stone Age - I Never Came (Album Version).mp3,"stoner metal, alternative metal, heavy metal, hard rock, rock"
You Can Still Be Free,Savage Garden,Savage Garden - You Can Still Be Free.mp3,"easy listening, pop, rock, adult contemporary, ballad"
Hourglass (Edited),Borialis,Borialis - Hourglass (Edited).mp3,"rap rock, rapcore, funk metal, nu metal, hip hop"
Wake,The Dirty Skirts,The Dirty Skirts - Wake.mp3,"indie rock, singer-songwriter, indie, sxsw 2007, south african"
Caricia y herida,Flor Silvestre,Flor Silvestre - Caricia y herida.mp3,"ranchera, mexico, los angeles, folk, latin"
Le Tortillard,Bézu,Bézu - Le Tortillard.mp3,"chanson, bossa nova, black metal, pop, electronic"
WKYA (Drop),Redman,Redman - WKYA (Drop).mp3,"hip hop, rap, hardcore rap, east coast rap, funk"
Teräslintu,Solistiyhtye Suomi,Solistiyhtye Suomi - Teräslintu.mp3,"german pop, humppa, polka, patriotic, folk"
Now's The Time To Fall In Love,The Eddie Cantor Radio Show,The Eddie Cantor Radio Show - Now's The Time To Fall In Love.mp3,"easy listening, vaudeville, ragtime, jazz, world music"
Mangos,Kai Winding,Kai Winding - Mangos.mp3,"hard bop, bebop, latin jazz, jazz, funk"
Grim Prospects,Schizoid,Schizoid - Grim Prospects.mp3,"breakcore, grindcore, breakbeat, digital hardcore, gabba"
A Distant Voice,Sonny Simmons,Sonny Simmons - A Distant Voice.mp3,"free jazz, jazz, los angeles, free music, free improvisation"
President Johnson,Citizen Kaned,Citizen Kaned - President Johnson.mp3,"chill-out, dub, progressive trance, downtempo, electronic"
Openbare Weg,MIRA,MIRA - Openbare Weg.mp3,"shoegaze, dream pop, rock, dark wave, slow core"
Lead Me Lord,The Brooklyn Tabernacle Choir,The Brooklyn Tabernacle Choir - Lead Me Lord.mp3,"gospel, black gospel, contemporary gospel, contemporary christian, christian"
Spontanous Combustion,Ellen McIlwaine,Ellen McIlwaine - Spontanous Combustion.mp3,"blues-rock, jazz funk, latin jazz, country blues, future jazz"
Choro (Remastered 2026),Vince Guaraldi,Vince Guaraldi - Choro (Remastered 2026).mp3,"latin jazz, chamber jazz, soul jazz, jazz funk, jazz fusion"
Ma Louise,Maurice Chevalier,Maurice Chevalier - Ma Louise.mp3,"chanson, latin jazz, cabaret, ballad, jazz"
I Want You (Forever) (DJ Marky & a Sides Remix),Carl Cox,Carl Cox - I Want You (Forever) (DJ Marky & a Sides Remix).mp3,"tech house, progressive house, techno, electronica, acid house"
Hate,Organized Konfusion,Organized Konfusion - Hate.mp3,"hip hop, chill-out, east coast hip hop, jazz rap, trip hop"
Thank You Lord,Horace Andy,Horace Andy - Thank You Lord.mp3,"roots reggae, lovers rock, dub, reggae, trip hop"
I Can't Stop Loving You,Martina McBride,Martina McBride - I Can't Stop Loving You.mp3,"country, country music, pop, acoustic, contemporary country"
Cheatin' In the Next Room,Tyrone Davis,Tyrone Davis - Cheatin' In the Next Room.mp3,"chicago soul, disco, southern soul, funk, northern soul"
Candy Man,Hot Tuna,Hot Tuna - Candy Man.mp3,"blues-rock, blues, folk rock, psychedelic rock, rock"
I See The Boys Of Summer,Richard Burton,Richard Burton - I See The Boys Of Summer.mp3,"jazz fusion, jam band, improvisational, jazz, synthpop"
On Bended Knee,Boyz II Men,Boyz II Men - On Bended Knee.mp3,"new jack swing, urban, soul, adult contemporary, ballad"
Three Is a Crowd,Rory Block,Rory Block - Three Is a Crowd.mp3,"delta blues, blues, ballad, country blues, folk rock"
My Four Reasons,Howard Armstrong,Howard Armstrong - My Four Reasons.mp3,"piedmont blues, country blues, blues, folk, tin pan alley"
Niev nietch nievitch (Instrumental),Les Ogres de Barback,Les Ogres de Barback - Niev nietch nievitch (Instrumental).mp3,"chanson, gypsy jazz, chill-out, musette, ska"
Little Girl,Donny Hathaway,Donny Hathaway - Little Girl.mp3,"jazz funk, soul jazz, bossa nova, funk, chicago soul"
White Feather,Wolfmother,Wolfmother - White Feather.mp3,"stoner metal, alternative metal, heavy metal, hard rock, rock"
Christlike Roche,The Roches,The Roches - Christlike Roche.mp3,"singer-songwriter, folk-pop, close harmony, folk rock, contemporary folk"
You Rascal You,Bob Margolin,Bob Margolin - You Rascal You.mp3,"blues-rock, chicago blues, massachusetts, blues, classic rock"
I Want Love (Tween You & Me),Tony Joe White,Tony Joe White - I Want Love (Tween You & Me).mp3,"country rock, blues-rock, swamp pop, southern rock, outlaw country"
Sympathy,Thomas Battenstein,Thomas Battenstein - Sympathy.mp3,guitar
Simon's Folly,Dharma Bums,Dharma Bums - Simon's Folly.mp3,"progressive house, breakbeat, hard trance, techno, trance"
They Say,Jupiter Rising,Jupiter Rising - They Say.mp3,"pop rap, electropop, hip hop, downtempo, urban"
Biding Her Time,Bob Neuwirth,Bob Neuwirth - Biding Her Time.mp3,"singer-songwriter, oldies, blues, world fusion, folk"
Cowboy Ways,James Hunter,James Hunter - Cowboy Ways.mp3,"blue-eyed soul, jazz funk, smooth jazz, blues-rock, r&b"
Crawl Before You Ball,Saafir,Saafir - Crawl Before You Ball.mp3,"hip hop, hardcore hip hop, rap, underground hip hop, underground rap"
Brasas Vivas,Nelson Ned,Nelson Ned - Brasas Vivas.mp3,"latin jazz, mariachi, brazilian pop music, karaoke, thrash metal"
More and More,Marvin Sapp,Marvin Sapp - More and More.mp3,"gospel, male vocalist, r&b, christian, urban"
Groovin' In The Midnight (Morales Extended Version),Maxi Priest,Maxi Priest - Groovin' In The Midnight (Morales Extended Version).mp3,"lovers rock, pop rap, reggae, hip hop, dancehall"
Waiting Phase One,Porcupine Tree,Porcupine Tree - Waiting Phase One.mp3,"experimental rock, art rock, post rock, experimental, ambient"
Hell,Foo Fighters,Foo Fighters - Hell.mp3,"grunge, alternative rock, hard rock, rock, seattle"
Juoksuhauta-twist (Elämä juoksuhaudoissa),The Avengers,The Avengers - Juoksuhauta-twist (Elämä juoksuhaudoissa).mp3,"rock, garage rock, punk, new wave, hardcore punk"
One Less Bell to Answer,Brazilian Tropical Orchestra,Brazilian Tropical Orchestra - One Less Bell to Answer.mp3,"bossa nova, orchestra, latin jazz, easy listening, disco"
A'chek Ouyounik (2009 Remaster),Ragheb Alama,Ragheb Alama - A'chek Ouyounik (2009 Remaster).mp3,"arabesque, flamenco, samba, deep house, disco"
Hips Don't Lie (feat. Wyclef Jean),Shakira,Shakira - Hips Don't Lie (feat. Wyclef Jean).mp3,"dance pop, pop, latin, urban, adult contemporary"
Festa,Gil Semedo,Gil Semedo - Festa.mp3,"zouk, kizomba, island music, zouklove, r&b"
I Got over It,Robben Ford,Robben Ford - I Got over It.mp3,"blues-rock, jazz blues, soul blues, latin jazz, blues"
Te Hacen Falta Vitaminas (En Vivo),Soda Stereo,Soda Stereo - Te Hacen Falta Vitaminas (En Vivo).mp3,"rock, latin pop, ska, reggae, rap"
Sense And Trick,Xmilk,Xmilk - Sense And Trick.mp3,"thrash core, hardcore punk, punk, hardcore, old school"
Hanging On (Medium Key Performance Track Without Background Vocals),Britt Nicole,Britt Nicole - Hanging On (Medium Key Performance Track Without Background Vocals).mp3,"ccm, pop rock, soft rock, christian music, grindcore"
Fire (Oscar G Space Vocal),Dolce,Dolce - Fire (Oscar G Space Vocal).mp3,"folk-pop, folk, female vocalist, rock, acoustic"
2190 Dias Contigo,Sven Tasnadi,Sven Tasnadi - 2190 Dias Contigo.mp3,"tech house, deep house, techno, broken beat, italian disco"
Gossippo Perpetuo,Perrey And Kingsley,Perrey And Kingsley - Gossippo Perpetuo.mp3,"easy listening, dubstep, jazz funk, big beat, space age pop"
Grim Prospects,Schizoid,Schizoid - Grim Prospects [TRAAKXN128F92E71B1].mp3,"breakcore, grindcore, breakbeat, digital hardcore, gabba"
No Control,Eddie Money,Eddie Money - No Control.mp3,"frevo, samba, banda, rockabilly, bossa nova"
Christmas In Jamaica (feat. Shaggy) (Remix),Toni Braxton,Toni Braxton - Christmas In Jamaica (feat. Shaggy) (Remix).mp3,"dance pop, rock, urban, adult contemporary, club"
The Vitalized Shell,Enthroned,Enthroned - The Vitalized Shell.mp3,"black metal, heavy metal, rock, blackened death metal, extreme metal"
Mozart,Suzanne Ciani,Suzanne Ciani - Mozart.mp3,"meditation, chill-out, downtempo, new age, easy listening"
Ciao Milan,Milan Band,Milan Band - Ciao Milan.mp3,"serialism, contemporary classical music, minimal"
Heaven Is Where The Heart Is,The Rance Allen Group,The Rance Allen Group - Heaven Is Where The Heart Is.mp3,"jazz funk, soul jazz, funk, disco, latin jazz"
Letter To Heaven,Dolly Parton,Dolly Parton - Letter To Heaven.mp3,"bluegrass, singer-songwriter, female vocalist, country, pop"
Inside Job (Live),Pearl Jam,Pearl Jam - Inside Job (Live).mp3,"grunge, hard rock, rock, alternative rock, alternative"
Take A Look,Natalie Cole,Natalie Cole - Take A Look.mp3,"vocal jazz, quiet storm, jazz, pop, rock"
Bulgarian dream feat. Boika Prissadova,Kiril Valeri,Kiril Valeri - Bulgarian dream feat. Boika Prissadova.mp3,"flamenco, rumba, ska punk, folk rock, pop rock"
The Czar: Usurper / Escape / Martyr / Spiral (Live at the Aragon),Mastodon,Mastodon - The Czar_ Usurper _ Escape _ Martyr _ Spiral (Live at the Aragon).mp3,"alternative metal, power metal, post-hardcore, progressive metal, heavy metal"
Born and Raised In Compton,DJ Quik,DJ Quik - Born and Raised In Compton.mp3,"gangster rap, hip hop, g funk, broken beat, trip hop"
We're Gonna Go Fishin',Hank Locklin,Hank Locklin - We're Gonna Go Fishin'.mp3,"honky tonk, country rock, ballad, chanson, classic country"
Robbers Kill Cop,BT,BT - Robbers Kill Cop.mp3,"electronica, rock, ambient, alternative, club"
Orgofart,Descendents,Descendents - Orgofart.mp3,"hardcore punk, rock, punk, progressive, los angeles"
Bitch Is Back,L.A. Guns,L.A. Guns - Bitch Is Back.mp3,"heavy metal, hard rock, glam rock, glam metal, rock"
Relax (Neitan Radio Mix),2-4 Grooves,2-4 Grooves - Relax (Neitan Radio Mix).mp3,"vocal house, disco house, club, eurodance, electro"
Sweet By And By,The Jordanaires,The Jordanaires - Sweet By And By.mp3,"country gospel, classic country, rockabilly, oldies, christmas music"
Naked Albino,Bare JR.,Bare JR. - Naked Albino.mp3,"post-grunge, alternative country, hard rock, male vocalist, alternative rock"
Dearly Beloved,Norrie Paramor,Norrie Paramor - Dearly Beloved.mp3,"easy listening, pop, classical, jazz, rock"
Johnny Loves Me,Shelley Fabares,Shelley Fabares - Johnny Loves Me.mp3,"brill building pop, all-female, pop rock, country rock, blue-eyed soul"
Cooler Than You,Diesel Boy,Diesel Boy - Cooler Than You.mp3,"pop rock, pop punk, rock, punk, skate punk"
Still,Jim Chappell,Jim Chappell - Still.mp3,"chamber jazz, smooth jazz, chill-out, new age, easy listening"
Summer Dying Fast,Cradle Of Filth,Cradle Of Filth - Summer Dying Fast.mp3,"sympho black metal, black metal, heavy metal, death metal, metal"
Snapshot (Robin M. Extended Remix),Ladybug,Ladybug - Snapshot (Robin M. Extended Remix).mp3,"dancehall, italian disco, dubstep, breakbeat, dub"
The Frail,Nine Inch Nails,Nine Inch Nails - The Frail.mp3,"industrial metal, alternative metal, industrial rock, alternative rock, rock"
End of the Road (Original Mix),Bandido,Bandido - End of the Road (Original Mix).mp3,"hard house, hard trance, italian disco, eurodance, breakbeat"
Para Milladoiro,Susana Seivane,Susana Seivane - Para Milladoiro.mp3,"gaita, celtic, folk, traditional, instrumental"
Stone Cold Fingers (Bonus Track),Leland Martin,Leland Martin - Stone Cold Fingers (Bonus Track).mp3,"honky tonk, massachusetts, country, traditional country, electronic"
Snowball,Test Icicles,Test Icicles - Snowball.mp3,"grime, indie rock, garage rock, dance-punk, electro"
(We Don't Need This) Fascist Groove Thang (Rapino Club Mix),Heaven 17,Heaven 17 - (We Don't Need This) Fascist Groove Thang (Rapino Club Mix).mp3,"new romantic, dance rock, italian disco, new wave, electronic"
Charisma Remixed,Sven Tasnadi,Sven Tasnadi - Charisma Remixed.mp3,"tech house, deep house, techno, broken beat, italian disco"
Going Down Slow (Live),Mance Lipscomb,Mance Lipscomb - Going Down Slow (Live).mp3,"texas blues, country blues, blues, delta blues, blues-rock"
All Rise,Scott Wesley Brown,Scott Wesley Brown - All Rise.mp3,"modern rock, rock, inspirational, gospel, christian"
Jogo Limpo,Flávio José,Flávio José - Jogo Limpo.mp3,"brazil, forro, gaita, north east, world reggae"
Silent Hill,Moss,Moss - Silent Hill.mp3,"future jazz, trip hop, downtempo, acid jazz, drone doom metal"
Our Love is Here to Stay,Pery Ribeiro,Pery Ribeiro - Our Love is Here to Stay.mp3,"bossa nova, brazilian pop music, samba, latin, jazz"
Master of Disharmony,Dimmu Borgir,Dimmu Borgir - Master of Disharmony.mp3,"black metal, death metal, heavy metal, metal, extreme metal"
Everything Changes,Soular,Soular - Everything Changes.mp3,"breakbeat, broken beat, funk rock, post rock, shoegaze"
What Are We Here For,Gary Moore,Gary Moore - What Are We Here For.mp3,"blues-rock, hard rock, pop rock, soft rock, blues"
Une petite pause,PASCAL SANGLA,PASCAL SANGLA - Une petite pause.mp3,french pop
Perasmena Mesanihta,Dakis,Dakis - Perasmena Mesanihta.mp3,greek
This Is Not A Love Song (Remastered),Public Image Limited,Public Image Limited - This Is Not A Love Song (Remastered).mp3,"dance rock, alternative dance, experimental rock, noise rock, madchester"
Sun is Shining,Deekline & Wizard,Deekline & Wizard - Sun is Shining.mp3,"breakbeat, uk garage, electro, nu breaks, grime"
Forever,Chris Brown,Chris Brown - Forever.mp3,"r&b, hip hop, rap, urban, blues"
God Save the Queen (Live),Sex Pistols,Sex Pistols - God Save the Queen (Live).mp3,"punk, italy, british punk rock, soundtrack, progressive rock"
NEW AGE,Daniela Dessì,Daniela Dessì - NEW AGE.mp3,"opera, los angeles, requiem"
Have Yourself A Merry Little Christmas,Hem,Hem - Have Yourself A Merry Little Christmas.mp3,"folk-pop, easy listening, alternative country, countrypolitan, folk"
U Killed It,Lily Allen,Lily Allen - U Killed It.mp3,"ska, pop, england, london, electropop"
Gerra De De,DJ Dips,DJ Dips - Gerra De De.mp3,"turnablism, folk, dj"
Rain And Snow,Pentangle,Pentangle - Rain And Snow.mp3,"british invasion, chill-out, celtic rock, folk rock, celtic"
Voices on the Corner,Jason Miles,Jason Miles - Voices on the Corner.mp3,"jazz fusion, hard bop, smooth jazz, meditation, instrumental pop"
I Wish My Mother Was Here,Byther Smith,Byther Smith - I Wish My Mother Was Here.mp3,"chicago blues, electric blues, delta blues, blues-rock, blues"
(Bloody Paw on the) Kill Floor,Busdriver,Busdriver - (Bloody Paw on the) Kill Floor.mp3,"alternative hip hop, turnablism, underground rap, indie rock, trip hop"
Kako mi je pitas sad,Ana Bekuta,Ana Bekuta - Kako mi je pitas sad.mp3,"pop folk, turbo folk, disco, serbia, folk"
Miracle,Bizarre Inc,Bizarre Inc - Miracle.mp3,"breakbeat, pop rap, techno, deep house, progressive house"
Not Buried Deep Enough,The Gone Jackals,The Gone Jackals - Not Buried Deep Enough.mp3,"blues-rock, video game music, heavy metal, grindcore, hard rock"
Give Me 40 Acres (To Turn This Rig Around),The Willis Brothers,The Willis Brothers - Give Me 40 Acres (To Turn This Rig Around).mp3,"western swing, bluegrass, traditional country, country, classic"
Retratos-Ernesto Nazareth (Instrumental),Laurindo Almeida,Laurindo Almeida - Retratos-Ernesto Nazareth (Instrumental).mp3,"latin jazz, brazilian jazz, bossa nova, samba, tango"
Witch Weed (Live),Bongzilla,Bongzilla - Witch Weed (Live).mp3,"stoner metal, sludge metal, doom metal, heavy metal, stoner rock"
Get Back Down,Boogie Pimps,Boogie Pimps - Get Back Down.mp3,"hard house, progressive house, hard trance, trance, tech house"
Beyond the Light,Aberdeen,Aberdeen - Beyond the Light.mp3,"twee pop, pop rock, indie rock, rock, indie pop"
Spaceman,The Killers,The Killers - Spaceman.mp3,"rock, alternative, rave, disco, new wave"
The Cube (Live),S.U.P,S.U.P - The Cube (Live).mp3,"doom metal, progressive metal, death metal, heavy metal, metal"
Pulecenella 'e mò,Gloriana,Gloriana - Pulecenella 'e mò.mp3,"teen pop, country rock, country music, female vocalist, country"
Pecado de Amor (Album Version),José Augusto,José Augusto - Pecado de Amor (Album Version).mp3,"latin pop, brazilian, male vocalist, rock, pop"
It Goes On,20/20,20_20 - It Goes On.mp3,"power pop, pop rock, new wave, rock, hip hop"
Illuminate,Orbital,Orbital - Illuminate.mp3,"techno, intelligent dance music, electronica, ambient, england"
Big Stax / High Volts,Grant Geissman,Grant Geissman - Big Stax _ High Volts.mp3,"smooth jazz, jazz fusion, instrumental pop, hard bop, jazz"
Never Forget Me,Bone Thugs-N-Harmony,Bone Thugs-N-Harmony - Never Forget Me.mp3,"gangster rap, rap, hardcore rap, west coast rap, cleveland"
Ukkosenjumalan poika (Live At The Astoria),Moonsorrow,Moonsorrow - Ukkosenjumalan poika (Live At The Astoria).mp3,"viking metal, sympho black metal, doom metal, tech house, black metal"
Kick out the Jams,Rage Against the Machine,Rage Against the Machine - Kick out the Jams.mp3,"rap metal, alternative metal, heavy metal, rap, rock"
Me and My Buddy,Jazz Gillum,Jazz Gillum - Me and My Buddy.mp3,"chicago blues, country blues, harmonica blues, blues, slide"
Murder Academy,Ultraviolence,Ultraviolence - Murder Academy.mp3,"gabba, happy hardcore, hardcore techno, hard trance, techno"
Hey Daddy,Korn,Korn - Hey Daddy.mp3,"rap metal, alternative metal, heavy metal, rock, metal"
Amber Changing,Rise Against,Rise Against - Amber Changing.mp3,"hardcore punk, rock, punk, hardcore, punk revival"
I Need You Now,Agnes,Agnes - I Need You Now.mp3,"europop, tech house, christian rock, electropop, heavy metal"
"4 Sea Interludes, Op. 33a: IV. Storm",Sir Neville Marriner & Minnesota Orchestra,"Sir Neville Marriner & Minnesota Orchestra - 4 Sea Interludes, Op. 33a_ IV. Storm.mp3","requiem, concerto, symphony, opera, orchestra"
Atmosphere Station,James Horner,James Horner - Atmosphere Station.mp3,"rock, classical, los angeles, soundtrack, game"
Won't Walk Away,Tantric Sound System,Tantric Sound System - Won't Walk Away.mp3,"post-grunge, grunge, chill-out, j pop, modern rock"
Shadows That Move,Mastodon,Mastodon - Shadows That Move.mp3,"alternative metal, power metal, post-hardcore, progressive metal, heavy metal"
Smile,Xcultures,Xcultures - Smile.mp3,"gabba, happy hardcore, world beat, chill-out, disco"
Kite (Live From Sydney),U2,U2 - Kite (Live From Sydney).mp3,"dance rock, pop rock, british pop, ballad, classic rock"
Mountains Of Mourne,The Irish Tenors,The Irish Tenors - Mountains Of Mourne.mp3,"irish folk, opera, irish, christmas music, folk"
Ever Be,Korn,Korn - Ever Be.mp3,"rap metal, alternative metal, heavy metal, rock, metal"
Oh Look Misery,Blind Blake,Blind Blake - Oh Look Misery.mp3,"country blues, piedmont blues, delta blues, ragtime, chicago blues"
Yesterdays,Percy Faith,Percy Faith - Yesterdays.mp3,"instrumental pop, easy listening, ballad, disco, pop rock"
Teacher's Pet,Extreme,Extreme - Teacher's Pet.mp3,"funk metal, heavy metal, hard rock, blues-rock, soft rock"
Palmer enquête,Alexandre Desplat,Alexandre Desplat - Palmer enquête.mp3,"soundtrack, ballad, film score, chill-out, easy listening"
Moon River - Original,Jerry Butler,Jerry Butler - Moon River - Original.mp3,"chicago soul, northern soul, doo-wop, disco, ballad"
Go To Hell,Prozak,Prozak - Go To Hell.mp3,"rap, rap rock, rap metal, gangster rap, rapcore"
La plus bath des javas,Yvette Horner,Yvette Horner - La plus bath des javas.mp3,"chanson, bolero, ballad, musette, easy listening"
Infidel,Delta 9,Delta 9 - Infidel.mp3,"gabba, speedcore, hard house, happy hardcore, hardcore techno"
English Summer Rain,Placebo,Placebo - English Summer Rain.mp3,"british pop, rock, alternative, indie, london"
Intro (Live Version),Gertrudis,Gertrudis - Intro (Live Version).mp3,"big beat, dub, rumba, new wave, dark ambient"
Empress So Divine,Warrior King,Warrior King - Empress So Divine.mp3,"roots reggae, dancehall, reggae, reggaeton, jungle music"
Spanish Shuffle,Tam Tam Go!,Tam Tam Go! - Spanish Shuffle.mp3,"pop rock, rock, new wave, pop, latin pop"
Terapia De Amor Intensiva (Remasterizado 2007),Soda Stereo,Soda Stereo - Terapia De Amor Intensiva (Remasterizado 2007).mp3,"rock, latin pop, ska, reggae, rap"
Haunting,Lore,Lore - Haunting.mp3,"trip hop, nu metal, british pop, dark wave, electropop"
Lies Of Hate (Album Version),Soul Asylum,Soul Asylum - Lies Of Hate (Album Version).mp3,"hard rock, post-grunge, rock 'n roll, modern rock, grunge"
Musical Episode,Horace Andy,Horace Andy - Musical Episode.mp3,"roots reggae, lovers rock, dub, reggae, trip hop"
Beautiful Brown Eyes - Original Mono,Jimmy Wakely,Jimmy Wakely - Beautiful Brown Eyes - Original Mono.mp3,"classic country, western swing, blues-rock, country music, blues"
Hard Times,Run DMC,Run DMC - Hard Times.mp3,"hip hop, old school hip hop, east coast rap, rap, hardcore rap"
Filipino Baby,Hank Locklin,Hank Locklin - Filipino Baby.mp3,"honky tonk, country rock, ballad, chanson, classic country"
Just as Much as Ever,Bert Kaempfert And His Orchestra,Bert Kaempfert And His Orchestra - Just as Much as Ever.mp3,"orchestra, easy listening, space age pop, exotica, jazz"
The Last Word (feat. Outsidaz),Rah Digga,Rah Digga - The Last Word (feat. Outsidaz).mp3,"hip hop, pop rap, gangster rap, rap, pop rock"
Escapist,Nightwish,Nightwish - Escapist.mp3,"sympho black metal, progressive metal, heavy metal, rock, finish"
Someone to Watch over Me,Frank Chacksfield,Frank Chacksfield - Someone to Watch over Me.mp3,"orchestra, easy listening, ballad, chanson, soundtrack"
Carpe PM,The Secret Life of Teenage Girls,The Secret Life of Teenage Girls - Carpe PM.mp3,"grindcore, digital hardcore, breakcore, rock, noise"
Pinned to the Ground,The Buzzhorn,The Buzzhorn - Pinned to the Ground.mp3,"post-grunge, alternative metal, nu metal, hard rock, grunge"
Always And Never,Silverstein,Silverstein - Always And Never.mp3,"post-hardcore, screamo, emo, hardcore, punk revival"
Wounded Hearts,Sandi Thom,Sandi Thom - Wounded Hearts.mp3,"british pop, chill-out, pop rock, folk rock, singer-songwriter"
Love's Been Good to Me,Carl Belew,Carl Belew - Love's Been Good to Me.mp3,"rockabilly, country rock, country, world, folk"
Who Shot Ya? (2005 Remaster),The Notorious B.I.G.,The Notorious B.I.G. - Who Shot Ya_ (2005 Remaster).mp3,"gangster rap, hip hop, rap, hardcore rap, east coast rap"
Poor Tom (Remaster),Led Zeppelin,Led Zeppelin - Poor Tom (Remaster).mp3,"blues-rock, heavy metal, hard rock, classic rock, psychedelic rock"
When Morning Comes To Town,The Field Mice,The Field Mice - When Morning Comes To Town.mp3,"twee pop, indie rock, rock, indie pop, british pop"
Nutty Block,Rodney O & Joe Cooley,Rodney O & Joe Cooley - Nutty Block.mp3,"miami bass, old school hip hop, hip hop, rap, electro"
Estate,Billy Higgins,Billy Higgins - Estate.mp3,"hard bop, free jazz, bebop, jazz, california"
Until You Love Someone,Dean Martin,Dean Martin - Until You Love Someone.mp3,"vocal, pop, lounge, traditional pop, classic"
Freund: Part One From Triomusic,STRATA / Audrey Andrist,STRATA _ Audrey Andrist - Freund_ Part One From Triomusic.mp3,"post-grunge, jungle music, modern rock, nu metal, southern rock"
Hai Shava,Malkit Singh,Malkit Singh - Hai Shava.mp3,"broken beat, bhangra, desi, italian disco, pop rap"
Same Man (Vocal Club Mix),DJ Delicious,DJ Delicious - Same Man (Vocal Club Mix).mp3,"funky house, club, vocal house, beat, electroclash"
Hello Young Lovers (Remastered),James Darren,James Darren - Hello Young Lovers (Remastered).mp3,"brill building pop, smooth jazz, easy listening, progressive trance, jazz"
Set You Free This Time (Live),Gene Clark & The Fyrebirds,Gene Clark & The Fyrebirds - Set You Free This Time (Live).mp3,"country rock, folk rock, progressive bluegrass, pop rock, rock"
Will You Love Me Tomorrow,The Shirelles,The Shirelles - Will You Love Me Tomorrow.mp3,"doo-wop, ballad, all-female, brill building pop, soft rock"
Nine Ways (Shadow Child Remix),JDS,JDS - Nine Ways (Shadow Child Remix).mp3,"happy hardcore, breakbeat, club, funk, electro"
Bad Seed,Jan Howard,Jan Howard - Bad Seed.mp3,"classic country, country rock, country blues, oldies, female vocalist"
"Stille Nacht, Heilige Nacht",The American Boychoir,"The American Boychoir - Stille Nacht, Heilige Nacht.mp3","j pop, mambo, hard house, rock, electronic"
Exchange,Abraham Laboriel,Abraham Laboriel - Exchange.mp3,"jazz, fusion, blues, funk, jazz rock"
Northern Downpour,Panic! At The Disco,Panic! At The Disco - Northern Downpour.mp3,"pop punk, emo, pop rock, alternative rock, indie rock"
Marie d'Aquitaine,Michèle Arnaud,Michèle Arnaud - Marie d'Aquitaine.mp3,"chanson, pop, rock, french, los angeles"
Oh My God (Album Version Edited),Sticky Fingaz,Sticky Fingaz - Oh My God (Album Version Edited).mp3,"hip hop, rap, hardcore hip hop, club, hardcore rap"
Hoochie Coochie Man,The Jeff Healey Band,The Jeff Healey Band - Hoochie Coochie Man.mp3,"blues-rock, blues, instrumental rock, southern rock, soft rock"
Ftei O Erotas,Angela Dimitriou,Angela Dimitriou - Ftei O Erotas.mp3,"pop folk, modern laika, greek"
The Second Summer of Love,Danny Wilson,Danny Wilson - The Second Summer of Love.mp3,"british pop, pop rock, oldies, new wave, soundtrack"
"Bach, JS: Prelude and Fugue in C Major, BWV 531: Fugue",Lionel Rogg,"Lionel Rogg - Bach, JS_ Prelude and Fugue in C Major, BWV 531_ Fugue.mp3","early music, easy listening, los angeles, baroque, classic"
Don't Phunk With My Heart,Java,Java - Don't Phunk With My Heart.mp3,"musette, downtempo, trance, future jazz, hard trance"
Dancing to a Standstill,The Black Velvet Band,The Black Velvet Band - Dancing to a Standstill.mp3,"irish folk, pop rock, celtic, hip hop, rock"
Give It What U Got (feat. Asuivre),Swami,Swami - Give It What U Got (feat. Asuivre).mp3,"downtempo, bhangra, desi, trip hop, hip hop"
Isla del Luna,Lisa Lynne,Lisa Lynne - Isla del Luna.mp3,"chill-out, celtic fusion, celtic, neoclassical, easy listening"
Spirit,Pe'z,Pe'z - Spirit.mp3,"argentine rock, future jazz, space rock, j pop, post rock"
Leng Jing,Stephy Tang,Stephy Tang - Leng Jing.mp3,"cantonese pop, chinese music, female vocalist, pop, female"
Another Long One (Album Version),Shawn Colvin,Shawn Colvin - Another Long One (Album Version).mp3,"country rock, pop rock, folk rock, soft rock, ballad"
Oaktown (remix),Casual,Casual - Oaktown (remix).mp3,"hip hop, underground rap, g funk, alternative rap, gothic rock"
Larger Than Life,Backstreet Boys,Backstreet Boys - Larger Than Life.mp3,"teen pop, pop, rock, adult contemporary, ballad"
Den Pai Alo,Christos Dantis,Christos Dantis - Den Pai Alo.mp3,"pop rock, singer-songwriter, male vocalist, greek, eurovision"
I Hold Your Hand in Mine (Live at Royal Albert Hall),Tiny Tim,Tiny Tim - I Hold Your Hand in Mine (Live at Royal Albert Hall).mp3,"cabaret, vaudeville, classic rock, ballad, folk rock"
It Won't Be Christmas,David Martin,David Martin - It Won't Be Christmas.mp3,"screamo, reggae, pop, singer-songwriter, death metal"
Knocked Out Of The Park,John Davis,John Davis - Knocked Out Of The Park.mp3,"jazz fusion, downtempo, hip hop, italian disco, roots rock"
Salt In NYC,Trafik,Trafik - Salt In NYC.mp3,"progressive house, tech house, progressive trance, breakbeat, downtempo"
Baby Come To Me (feat. Daryl Hall),Kenny G,Kenny G - Baby Come To Me (feat. Daryl Hall).mp3,"instrumental pop, smooth jazz, latin jazz, nu jazz, musica"
Wessex Loses a Bride (Instrumental),Nick Ingman;Gavyn Wright,Nick Ingman;Gavyn Wright - Wessex Loses a Bride (Instrumental).mp3,"jazz funk, exotica, jazz, soul jazz, easy listening"
Erica,Eddie Calvert,Eddie Calvert - Erica.mp3,"cool jazz, easy listening, chanson, jazz, ballad"
Clementina Santafè,Gloriana,Gloriana - Clementina Santafè.mp3,"teen pop, country rock, country music, female vocalist, country"
Rumba de Barcelona,Los Manolos,Los Manolos - Rumba de Barcelona.mp3,"flamenco, europop, rumba, samba, pop rap"
Blessed Assurance,Glad,Glad - Blessed Assurance.mp3,"ccm, country rock, inspirational, indie rock, male vocalist"
Ten Tonne (Taelimb Remix),Chase & Status,Chase & Status - Ten Tonne (Taelimb Remix).mp3,"breakbeat, hip hop, jungle music, club, dance"
Wild Rose (Back 2 Basics Mix),Bombay Rockers,Bombay Rockers - Wild Rose (Back 2 Basics Mix).mp3,"bhangra, hip hop, pop rap, desi, dance music"
Kutt Free (Remix),Jinx,Jinx - Kutt Free (Remix).mp3,"breakbeat, oi, gabba, bhangra, chill-out"
La bohème: Sono andati? Fingevo di dormire,Montserrat Caballé,Montserrat Caballé - La bohème_ Sono andati_ Fingevo di dormire.mp3,"symphonic rock, opera, bel canto, pop rock, female vocalist"
A Higher Place (2014 Remaster),Tom Petty,Tom Petty - A Higher Place (2014 Remaster).mp3,"heartland rock, jam band, pop rock, southern rock, hard rock"
Got My Mojo Workin,Pucho & His Latin Soul Brothers,Pucho & His Latin Soul Brothers - Got My Mojo Workin.mp3,"latin jazz, hard trance, hard house, boogaloo, chill-out"
Get Your Head Stuck On Your Neck (Version),Soul Mekanik,Soul Mekanik - Get Your Head Stuck On Your Neck (Version).mp3,"tech house, progressive house, deep house, tribal house, broken beat"
Jenny Take A Ride,Mitch Ryder,Mitch Ryder - Jenny Take A Ride.mp3,"blues-rock, pop rock, blue-eyed soul, heartland rock, rock"
Midnight Star (Club Mix),Luna Orbit Project,Luna Orbit Project - Midnight Star (Club Mix).mp3,"club, trance, edm, island music, vocal trance"
Native Soul,Danilo Perez,Danilo Perez - Native Soul.mp3,"latin jazz, future jazz, brazilian jazz, piano blues, broken beat"
Der kleine Dompfaff,Line Renaud,Line Renaud - Der kleine Dompfaff.mp3,"chanson, disco, italian disco, easy listening, jazz"
The Ballad Of Sleeping Beauty (Album Version),Sophie B. Hawkins,Sophie B. Hawkins - The Ballad Of Sleeping Beauty (Album Version).mp3,"ballad, soft rock, pop rock, singer-songwriter, instrumental rock"
City Slickers,Marc Shaiman,Marc Shaiman - City Slickers.mp3,"soundtrack, classical, easy listening, disco, pop rock"
"A Whiter Shade of Pale (Live at Fillmore West, 3/7/1971)",King Curtis,"King Curtis - A Whiter Shade of Pale (Live at Fillmore West, 3_7_1971).mp3","instrumental rock, southern soul, soul jazz, east coast blues, jazz funk"
Streets on Fire,Lupe Fiasco,Lupe Fiasco - Streets on Fire.mp3,"hip hop, rap, soul, chicago, alternative rap"
Intro,40 Grit,40 Grit - Intro.mp3,"nu metal, alternative metal, heavy metal, progressive house, deep house"
Harajuku Girls (Live),Gwen Stefani,Gwen Stefani - Harajuku Girls (Live).mp3,"rock, pop, ballad, club, grunge"
Prognosis,Steve Morse,Steve Morse - Prognosis.mp3,"blues-rock, instrumental rock, hard rock, folk rock, guitar virtuoso"
Small World,Ethel Merman,Ethel Merman - Small World.mp3,"vaudeville, show tunes, disco, swing, oldies"
Living Hell,Bitter End,Bitter End - Living Hell.mp3,"stoner metal, groove metal, garage rock, psychedelic rock, thrash metal"
Lake Of Dreams,Lisa Lynne,Lisa Lynne - Lake Of Dreams.mp3,"chill-out, celtic fusion, celtic, neoclassical, easy listening"
Mayday,Natural Elements,Natural Elements - Mayday.mp3,"hip hop, hardcore hip hop, rap, underground hip hop, united states"
Because of You,Neil Sedaka,Neil Sedaka - Because of You.mp3,"brill building pop, soft rock, pop rock, doo-wop, teen pop"
Swallow the Knife (Segue) (Live),Story Of The Year,Story Of The Year - Swallow the Knife (Segue) (Live).mp3,"screamo, emo, rock, alternative, california"
Un peu d'amour et d'amitié,Maurice Larcange,Maurice Larcange - Un peu d'amour et d'amitié.mp3,"chanson, musette, pop, folk, world"
Rattlesnake!,A Static Lullaby,A Static Lullaby - Rattlesnake!.mp3,"post-hardcore, screamo, emo, alternative metal, melodic hardcore"
Disappeared,John Wesley,John Wesley - Disappeared.mp3,"disco, calypso, reggae, hard trance, dub"
Doppelgänger (Qliphothic Phantasmagoria),Coph Nia,Coph Nia - Doppelgänger (Qliphothic Phantasmagoria).mp3,"dark ambient, neofolk, dark wave, martial industrial, death industrial"
Morning Glory (Remastered),Oasis,Oasis - Morning Glory (Remastered).mp3,"british pop, hard rock, rap, alternative rock, rock"
Tomorrow Gone,Stew,Stew - Tomorrow Gone.mp3,"cabaret, indie pop, brill building pop, rock, power pop"
I don't Want to Be Alone Tonight,Jauida,Jauida - I don't Want to Be Alone Tonight.mp3,"male vocalist, acoustic, spanish, latin, rock en espanol"
Ghost Town Rituals,Nights Like These,Nights Like These - Ghost Town Rituals.mp3,"doom metal, sludge metal, hardcore punk, groove metal, tech metal"
Ain't No Love Ain't No Use (Almighty Go Disco Mix),Tabu,Tabu - Ain't No Love Ain't No Use (Almighty Go Disco Mix).mp3,"cumbia, poland, roots reggae, reggae, ska"
Shameless,All Time Low,All Time Low - Shameless.mp3,"pop punk, punk, pop, punk pop, emo pop"
And I Love You So,Brian Dullaghan,Brian Dullaghan - And I Love You So.mp3,"irish folk, folk rock, downtempo, rock, irish"
"Just a Little Lovin' (Will Go a Long, Long Way)",Eddy Arnold,"Eddy Arnold - Just a Little Lovin' (Will Go a Long, Long Way).mp3","honky tonk, classic country, traditional country, country pop, rockabilly"
Quiet Time,Regina Belle,Regina Belle - Quiet Time.mp3,"vocal jazz, neo soul, nu-soul, r&b, smooth jazz"
Little Sister,Debbie Davies,Debbie Davies - Little Sister.mp3,"blues-rock, electric blues, latin jazz, california, blues"
All Over Me,Jay Tee & Baby Bash,Jay Tee & Baby Bash - All Over Me.mp3,"hard house, happy hardcore, gangster rap, alternative hip hop, hardcore rap"
I Hate You,The Stolen Minks,The Stolen Minks - I Hate You.mp3,"dance rock, psychobilly, riot grrrl, disco, garage punk"
Song For Mom,Steve Camp,Steve Camp - Song For Mom.mp3,"ccm, christian rock, religious music, piano rock, rock"
Misanthrope,Extasick,Extasick - Misanthrope.mp3,"digital hardcore, breakcore, hardcore, punk, group"
As My Fire Flies,Pat Travers,Pat Travers - As My Fire Flies.mp3,"blues-rock, hard rock, rock, classic rock, stoner metal"
We Wish You a Merry Christmas (Dance Version),SNOWPATROL,SNOWPATROL - We Wish You a Merry Christmas (Dance Version).mp3,"indie rock, rock, pop, alternative, alternative rock"
From the Blind,Daath,Daath - From the Blind.mp3,"technical death metal, industrial metal, death metal, tech metal, avantgarde metal"
"Chains Chains (Live at the Hammersmith Odeon, 15 April 1983)",UFO,"UFO - Chains Chains (Live at the Hammersmith Odeon, 15 April 1983).mp3","heavy metal, hard rock, blues-rock, gangster rap, happy hardcore"
The Date (Remix By Ana Rago),Avril - Remix By Ana Rago,Avril - Remix By Ana Rago - The Date (Remix By Ana Rago).mp3,"trip hop, downtempo, tech house, electro, breakbeat"
Böse (120 BPM),Die Fantastischen Vier,Die Fantastischen Vier - Böse (120 BPM).mp3,"pop rap, hip hop, europop, trip hop, downtempo"
A Mi No Me Importa,Nelson Ned,Nelson Ned - A Mi No Me Importa.mp3,"latin jazz, mariachi, brazilian pop music, karaoke, thrash metal"
"Le presbytère n'a rien perdu de son charme... (Bande originale du film ""Le mystère de la chambre jaune"")",Philippe Sarde,Philippe Sarde - Le presbytère n'a rien perdu de son charme... (Bande originale du film _Le mystère de la chambre jaune_).mp3,"smooth jazz, soundtrack, easy listening, jazz funk, jazz"
BYOB,Yung Joc,Yung Joc - BYOB.mp3,"gangster rap, hip hop, rap, hardcore rap, southern rap"
Brighton by the Sea,Jason Miles,Jason Miles - Brighton by the Sea.mp3,"jazz fusion, hard bop, smooth jazz, meditation, instrumental pop"
Ven Morena,Orquesta Aragón,Orquesta Aragón - Ven Morena.mp3,"charanga, mambo, bolero, salsa, latin jazz"
Hex Breaker,Taint,Taint - Hex Breaker.mp3,"power electronics, sludge metal, post-hardcore, electronic, noise"
Chaos Intro,State of Chaos,State of Chaos - Chaos Intro.mp3,"tech house, electro, dance-punk, techno, electroclash"
Bloody Pig Pile (Live),Dropkick Murphys,Dropkick Murphys - Bloody Pig Pile (Live).mp3,"celtic punk, folk rock, classic rock, punk, rock"
The Melting Moon (Edit),VHS or Beta,VHS or Beta - The Melting Moon (Edit).mp3,"disco, new wave, electro, pop rock, post rock"
Hawaiian Chimes,Leonard Kwan,Leonard Kwan - Hawaiian Chimes.mp3,"slack key guitar, mondiovision, island music, electronic, pop"
Turn Around,True Believers,True Believers - Turn Around.mp3,"melodic hardcore, hip hop, dark ambient, rock, punk"
L'accordéoniste (Remasterisé en 2021),Les Hurlements d'Léo,Les Hurlements d'Léo - L'accordéoniste (Remasterisé en 2021).mp3,"folk rock, chanson, 2 tone, gypsy jazz, rock steady"
Why Don't You Eat Where You Slept Last Night,Zuzu Bollin,Zuzu Bollin - Why Don't You Eat Where You Slept Last Night.mp3,"r&b, texas blues, electric blues, jump blues, blues"
Suffocating Under Words Of Sorrow (What Can I Do),Bullet For My Valentine,Bullet For My Valentine - Suffocating Under Words Of Sorrow (What Can I Do).mp3,"alternative metal, screamo, heavy metal, rock, metal"
"Tumba, Tumba",Charanga Forever,"Charanga Forever - Tumba, Tumba.mp3","salsa, charanga, los angeles, latin, cuban"
Deep Night/Softly As In A Morning Sunrise (Medley),Terry Snyder & The All Stars,Terry Snyder & The All Stars - Deep Night_Softly As In A Morning Sunrise (Medley).mp3,"space age pop, easy listening, mambo, exotica, boogaloo"
Monster for Music,The Beatnuts,The Beatnuts - Monster for Music.mp3,"grime, chill-out, gangster rap, trip hop, hip hop"
Complain,Ayo,Ayo - Complain.mp3,"neo soul, r&b, smooth jazz, reggae, blues"
Ease (Remastered 2011),Public Image Limited,Public Image Limited - Ease (Remastered 2011).mp3,"dance rock, alternative dance, experimental rock, noise rock, madchester"
Dansende Foran Speilet,Mons Leidvin Takle,Mons Leidvin Takle - Dansende Foran Speilet.mp3,"lullaby, jazz, norwegian, instrumental, christian"
Everchanging,Rise Against,Rise Against - Everchanging.mp3,"hardcore punk, rock, punk, hardcore, punk revival"
Let Me Show You [I Just Want to Make You Smile],Marcus Miller,Marcus Miller - Let Me Show You [I Just Want to Make You Smile].mp3,"jazz funk, soul jazz, smooth jazz, funk, jazz fusion"
Daydreaming,Kid Sister,Kid Sister - Daydreaming.mp3,"hip house, bass music, pop rap, dubstep, hip hop"
So Hot,Helen Love,Helen Love - So Hot.mp3,"power pop, indie rock, alternative dance, synth punk, rock"
Forbidden Fruit,The Pursuit Of Happiness,The Pursuit Of Happiness - Forbidden Fruit.mp3,"power pop, hard rock, alternative rock, pop rock, blues-rock"
Recorda Me (Remember Me),Bobby Hutcherson,Bobby Hutcherson - Recorda Me (Remember Me).mp3,"latin jazz, jazz funk, hard bop, soul jazz, free jazz"
Lady of Your Calibre,Gregory Isaacs,Gregory Isaacs - Lady of Your Calibre.mp3,"lovers rock, roots reggae, reggae, dancehall, dub"
Italian For Goodbye (skit),The Pharcyde,The Pharcyde - Italian For Goodbye (skit).mp3,"rap, hip hop, new wave, electro, underground hip hop"
L'insidieuse,Richard Galliano New York Trio,Richard Galliano New York Trio - L'insidieuse.mp3,"tango, musette, chill-out, jazz, british pop"
Stronger Than Me,Amy Winehouse,Amy Winehouse - Stronger Than Me.mp3,"vocal jazz, blues, pop rock, funk, pop"
Only for the Young,George Lopez,George Lopez - Only for the Young.mp3,"california, stand-up comedy, comedy, funny, spoken word"
T'as 16 ans demain,Les Hou-Lops,Les Hou-Lops - T'as 16 ans demain.mp3,"freakbeat, psychedelic rock, los angeles, chanson, game"
Serene,The Cosmosamatics,The Cosmosamatics - Serene.mp3,"free jazz, jazz, post-bop, avant-garde, ballad"
So Jah Seh,Jackie Edwards,Jackie Edwards - So Jah Seh.mp3,"rock steady, reggae, roots reggae, lovers rock, ballad"
Warrior's Quest,Ensiferum,Ensiferum - Warrior's Quest.mp3,"power metal, black metal, heavy metal, finish, metal"
Chorinho Pra Ele,Richard Galliano,Richard Galliano - Chorinho Pra Ele.mp3,"tango, musette, chill-out, jazz, british pop"
Joy In The Journey (The Final Word Album Version),Michael Card,Michael Card - Joy In The Journey (The Final Word Album Version).mp3,"ccm, contemporary christian, religious music, christian music, easy listening"
Medley Leïla,Leila Chicot,Leila Chicot - Medley Leïla.mp3,"zouk, caribbean, french"
The Hustle,The Pharcyde,The Pharcyde - The Hustle.mp3,"rap, hip hop, new wave, electro, underground hip hop"
God Bless You (Goddamn it) (Album Version),A Static Lullaby,A Static Lullaby - God Bless You (Goddamn it) (Album Version).mp3,"post-hardcore, screamo, emo, alternative metal, melodic hardcore"
The Illusionist,Scar Symmetry,Scar Symmetry - The Illusionist.mp3,"death metal, heavy metal, progressive, metal, sweden"
Urgence,Sonia Dersion,Sonia Dersion - Urgence.mp3,"zouklove, zouk, kizomba, r&b, african"
Pero Me Acuerdo de Tí,Christina Aguilera,Christina Aguilera - Pero Me Acuerdo de Tí.mp3,"dance pop, teen pop, neo soul, r&b, ballad"
Trapped In Reality,Headhunter,Headhunter - Trapped In Reality.mp3,"dubstep, progressive house, dubtronica, hard house, grime"
Our Darkest Days (Album Version),Eighteen Visions,Eighteen Visions - Our Darkest Days (Album Version).mp3,"alternative metal, post-hardcore, post-grunge, modern rock, melodic metalcore"
Dumb Woman Blues,Elmore James & His Broomdusters,Elmore James & His Broomdusters - Dumb Woman Blues.mp3,"chicago blues, electric blues, delta blues, blues, blues-rock"
Letting You Back In,Rising Lion,Rising Lion - Letting You Back In.mp3,"roots reggae, reggae, dancehall, world, funk"
California Dreamin',Baby Huey & The Baby Sitters,Baby Huey & The Baby Sitters - California Dreamin'.mp3,"funk, r&b, jazz funk, chicago soul, disco"
Hear Me Lord (2020 Mix),George Harrison,George Harrison - Hear Me Lord (2020 Mix).mp3,"classic rock, rock, psychedelic, england, album rock"
Don't Let Go,Weezer,Weezer - Don't Let Go.mp3,"pop rock, rock, pop, alternative, indie"
Lonely Street,Boots Randolph,Boots Randolph - Lonely Street.mp3,"instrumental rock, cool jazz, easy listening, jazz, northern soul"
12 Seasons Of Love,The Cosmosamatics,The Cosmosamatics - 12 Seasons Of Love.mp3,"free jazz, jazz, post-bop, avant-garde, ballad"
U Don't Hear Me Tho' (Street Mix),Rodney O & Joe Cooley,Rodney O & Joe Cooley - U Don't Hear Me Tho' (Street Mix).mp3,"miami bass, old school hip hop, hip hop, rap, electro"
Courtyard,Bobbie Gentry,Bobbie Gentry - Courtyard.mp3,"country blues, delta blues, country rock, folk rock, blue-eyed soul"
Have You Ever Seen the Rain,Creedence Clearwater Revived,Creedence Clearwater Revived - Have You Ever Seen the Rain.mp3,"country rock, rock 'n roll, blues-rock, british pop, swamp rock"
Interlude,D.A.V.,D.A.V. - Interlude.mp3,"dance rock, alternative dance, dub, pop rock, breakbeat"
Terra,Luar na Lubre,Luar na Lubre - Terra.mp3,"freestyle, disco, chill-out, gaita, celtic rock"
Mother,CIRCULAR,CIRCULAR - Mother.mp3,"chill-out, intelligent dance music, space music, electronic, dark ambient"
A la Memoria del Muerto,Fruko Y Sus Tesos,Fruko Y Sus Tesos - A la Memoria del Muerto.mp3,"salsa, cumbia, latin jazz, mambo, charanga"
Sayin' Dope,The Bucketheads,The Bucketheads - Sayin' Dope.mp3,"vocal house, funky house, disco house, club, eurodance"
Now You Know,The Real Kids,The Real Kids - Now You Know.mp3,"power pop, garage rock, pop rock, rock, punk"
I'm Sitting Here Waiting (Live),Eddie Boyd,Eddie Boyd - I'm Sitting Here Waiting (Live).mp3,"chicago blues, blues-rock, piano blues, electric blues, delta blues"
"When The World Is Running Down, You Make The Best Of What's Still Around",The Police,"The Police - When The World Is Running Down, You Make The Best Of What's Still Around.mp3","new wave, reggae, classic rock, rock, pop"
Reason With The Beast,Shriekback,Shriekback - Reason With The Beast.mp3,"alternative dance, dance rock, new wave, dark wave, dub"
No Unexpected Guests,John Frizzell,John Frizzell - No Unexpected Guests.mp3,"soundtrack, sympho black metal, tribal house, r&b, goa"
Rain / Ekoln,Olov Johansson,Olov Johansson - Rain _ Ekoln.mp3,"world music, folk, world, swedish, country"
As Diehard As They Come (live 2009),Hatebreed,Hatebreed - As Diehard As They Come (live 2009).mp3,"hardcore punk, black metal, heavy metal, death metal, rock"
Dark Angel,Precious Bryant,Precious Bryant - Dark Angel.mp3,"blues, country blues, calypso, latin jazz, trip hop"
Knocked Up,Kings Of Leon,Kings Of Leon - Knocked Up.mp3,"southern rock, alternative rock, rock, nashville, american trad rock"
Trouble In The City,J.J. Cale,J.J. Cale - Trouble In The City.mp3,"blues-rock, country rock, folk rock, roots rock, southern rock"
Walls And Cannonballs,Sister Hazel,Sister Hazel - Walls And Cannonballs.mp3,"post-grunge, southern rock, chill-out, soft rock, alternative dance"
Taste Of Dis,Brooke Valentine,Brooke Valentine - Taste Of Dis.mp3,"crunk, hip hop, dirty south rap, hip pop, r&b"
Librado Maldonado,Los Originales De San Juan,Los Originales De San Juan - Librado Maldonado.mp3,"mariachi, karaoke, thrash metal, mexico, folk"
Rollercoaster Ride,Aaron Watson,Aaron Watson - Rollercoaster Ride.mp3,"honky tonk, classic country, country rock, southern rock, singer-songwriter"
Crass Commercialism,Black Flag,Black Flag - Crass Commercialism.mp3,"hardcore punk, punk, hardcore, los angeles, american underground"
Flores negras (Remastered),Barbarito Diez,Barbarito Diez - Flores negras (Remastered).mp3,"charanga, latin, latino, tropical, cuban"
Turning Away,Mary Black,Mary Black - Turning Away.mp3,"country rock, irish folk, folk rock, soft rock, ballad"
Metal from Hell...22nd Century (2007 Version),Satan’s Host,Satan’s Host - Metal from Hell...22nd Century (2007 Version).mp3,"heavy metal, blackened death metal, black metal, doom metal, death metal"
Panda Bear,Owl City,Owl City - Panda Bear.mp3,"synthpop, electronica, electronic, pop, indietronica"
The Girl I Find,The Impressions,The Impressions - The Girl I Find.mp3,"chicago soul, northern soul, r&b, motown, doo-wop"
Drifting From Town To Town,Bobby Bland,Bobby Bland - Drifting From Town To Town.mp3,"soul blues, texas blues, r&b, memphis blues, blues"
The Lords Prayer,Jane Winther,Jane Winther - The Lords Prayer.mp3,meditation
Negativ Song,Headliners,Headliners - Negativ Song.mp3,"hard house, hard trance, crunk, bass music, gabba"
Blake's Worried Blues,Blind Blake,Blind Blake - Blake's Worried Blues.mp3,"country blues, piedmont blues, delta blues, ragtime, chicago blues"
Nubia,The Rascals,The Rascals - Nubia.mp3,"blue-eyed soul, pop rock, psychedelic rock, soft rock, rock"
Ojos Gitanos,Cómplices,Cómplices - Ojos Gitanos.mp3,"pop rock, rock, pop, indie, spanish"
Mira Nina,Emilio,Emilio - Mira Nina.mp3,"tejano, hard trance, texas, country, pop"
Solamente Una Vez,Nana Caymmi,Nana Caymmi - Solamente Una Vez.mp3,"brazilian pop music, samba, bossa nova, bolero, tropical"
Sahti Waari,Turisas,Turisas - Sahti Waari.mp3,"viking metal, power metal, progressive metal, folk metal, heavy metal"
Only Do for Love (RYDH Remix),Cache Cache,Cache Cache - Only Do for Love (RYDH Remix).mp3,"big beat, hard house, breakbeat, trance, broken beat"
Arrival,David Hudson,David Hudson - Arrival.mp3,"pop rock, flamenco, mariachi, world music, ambient"
Las murallas de Jericó,David Summers,David Summers - Las murallas de Jericó.mp3,"pop, spanish, 00s, spain, latin"
I Can't Tame Wild Women,Bill Boyd's Cowboy Ramblers,Bill Boyd's Cowboy Ramblers - I Can't Tame Wild Women.mp3,"western swing, texas, swing"
In The Name of the Father,Adr Lavey,Adr Lavey - In The Name of the Father.mp3,"gangster rap, trip hop, rap, hardcore, horrorcore"
Megatrend,Rummage,Rummage - Megatrend.mp3,"polka, outsider music, chalga, free music, jazz funk"
A Somber Wind from a Distant Shore,Canis Dirus,Canis Dirus - A Somber Wind from a Distant Shore.mp3,"black metal, doom metal, depressive black metal, ambient, suicidal black metal"
